"iter","gamma","phi","lp__","C"
1,0.551910890695026,43.0193982694081,159.317866929875,0.0227172573754822
2,0.531981363348232,49.5209630417865,165.155386085846,0.0197937636139851
3,0.523575961942476,54.202620007339,170.004786999734,0.0181150822165153
4,0.552139808949674,31.8608612952757,159.098574043523,0.0304313386984706
5,0.534468617489253,40.4513106996155,170.124210111518,0.0241246895000904
6,0.556543902560876,31.0552648089171,153.828438626223,0.0311961235061087
7,0.544517649946026,38.3354210392789,155.416500900454,0.0254223794630655
8,0.536527762614845,35.9134362369632,161.845137761368,0.027090406690414
9,0.523944932339872,31.2514871774275,149.612320696367,0.0310063221115549
10,0.545954829025073,37.1341286777081,151.972946347605,0.0262232292876424
11,0.546842306177176,39.4162021816306,162.069219214686,0.0247425523928744
12,0.528709551273725,45.0085612488466,158.675707746206,0.0217350852288403
13,0.534867917953579,37.7478591797281,156.317340815479,0.0258078774200556
14,0.530213909960249,42.4713254562585,156.841259360272,0.0230036694189648
15,0.554482226880971,36.1018431164343,159.967684230578,0.0269528388889405
16,0.542015267102541,31.6515253016481,151.444403586918,0.0306264405953962
17,0.531401880858091,33.6333808660561,154.98728239887,0.0288738775999802
18,0.545550056178854,32.8665888268097,162.464623758652,0.0295276269220351
19,0.558104844355281,42.7051046179956,156.507084093417,0.022880622498001
20,0.528450343484336,30.9348660842938,157.094970507546,0.0313137370722159
21,0.536498173796026,35.5879706224141,159.175730906739,0.0273313874201974
22,0.550864086751449,34.5898390165001,160.199586615694,0.0280979073700328
23,0.544939482619434,35.7204027599536,159.345927819136,0.0272328167677555
24,0.556066125527543,26.1046236353463,145.819668864751,0.0368940743636053
25,0.535864367600454,30.8204547871695,156.68853992848,0.0314263264522295
26,0.541371922072385,31.7910153128811,157.444966463944,0.0304961584890961
27,0.540538564181724,56.3057640185812,158.23469471718,0.0174502515955594
28,0.532740101015365,41.668309196317,157.412023519441,0.0234365977662484
29,0.544538702697306,41.9256574531812,158.905052398113,0.0232960904813327
30,0.532602912230769,54.049044481811,167.680421163108,0.0181656195745671
31,0.532389667963228,41.7218690265043,158.380881636454,0.0234072156201688
32,0.536088748587952,31.7883931334848,158.068820797724,0.0304985973520843
33,0.550350363006907,44.7970650514491,162.441691391629,0.0218354603919833
34,0.557843424745444,39.8339199150331,156.109349702114,0.0244894441209855
35,0.550241344787138,39.45509233662,158.240566914746,0.0247187669645929
36,0.546452658262646,49.7658784563816,161.226182616549,0.019698270381733
37,0.556657685266072,35.3913493447357,155.414356206377,0.0274790580180742
38,0.558835802982868,35.3284827272291,159.663927450611,0.027526610662726
39,0.550882962024564,47.9207571582278,159.507642108574,0.0204412208250504
40,0.553744539714574,44.1092339918573,158.914934729273,0.0221684101348409
41,0.551707191044091,32.9105322309677,153.87269624042,0.0294893631627162
42,0.545704540503796,34.0781152170306,157.982134865232,0.0285078030507892
43,0.555536374430247,33.2131011469252,158.423019996161,0.0292285693631099
44,0.535339530971943,45.2121430687245,154.538455467764,0.0216393340277002
45,0.532020318762196,45.1052845715543,163.726559666727,0.0216894876431794
46,0.540028058846462,41.0709080752965,160.61243970582,0.0237693942381811
47,0.545261939267796,36.2007785596314,155.59441680905,0.0268811578337544
48,0.556841728719642,35.7055132586189,156.92042376972,0.0272438636930159
49,0.540072387315294,43.5413681473849,160.940780718806,0.0224510391483947
50,0.551091528827763,33.8196634817944,160.065912691551,0.0287194044974861
51,0.55252871616915,47.0773412631018,165.033964054592,0.0207998190775053
52,0.541059134284106,40.0723215072796,152.934266594562,0.0243472967512382
53,0.541646335091388,36.7203436852757,153.69597532214,0.0265108931229159
54,0.538498679205412,40.817021907164,160.235344464933,0.0239137067728078
55,0.545340525872103,47.0555994595824,167.006454296915,0.0208092295433971
56,0.552115643868051,37.8982151015363,152.58374074111,0.0257081204726153
57,0.55928314968432,42.393207349473,159.081723260927,0.0230450815019588
58,0.557632598640077,38.2574286755441,161.745893087569,0.0254728858648596
59,0.52594875328642,33.1029198891971,154.752657446452,0.0293230023484521
60,0.553131048009037,43.2047605997064,152.07367452281,0.0226219978670497
61,0.536836800272584,43.4988172950886,158.863278436559,0.0224725073785359
62,0.542728275592216,38.5639790307998,152.367308657299,0.025275516378712
63,0.553918174413305,36.873816392382,151.354505058267,0.0264034653819873
64,0.53684905882115,35.5282611244138,163.551756937605,0.0273760636071353
65,0.534463298534276,44.2763183310477,160.386265208218,0.0220866014919385
66,0.553039415758918,37.2014014604653,149.016022981648,0.0261770501020728
67,0.54889320209624,36.4766314692761,151.431794576441,0.0266832946504227
68,0.542806163622807,29.222887235578,145.095578725301,0.0330875072326913
69,0.525097681102419,40.8809374149542,159.619013717121,0.0238772114886553
70,0.558117350945203,33.1487939950848,155.884150050368,0.0292836110154852
71,0.556557790940057,39.4011572891118,154.816342361033,0.0247517662141204
72,0.549957420930843,32.6183657737153,159.612017069677,0.0297456457797796
73,0.537701479633444,47.5675928062898,162.758964440831,0.020589861309134
74,0.540253386982058,45.1591750300562,159.181216976539,0.0216641653441349
75,0.559036203095954,25.4514891312299,151.381715868318,0.0378050549456345
76,0.545289823533647,35.5570870772473,158.306649061184,0.0273544770645139
77,0.552978337471082,46.6764066018465,157.906133651759,0.0209747351211085
78,0.551512732008924,38.1518723384384,158.272244819764,0.0255415626449676
79,0.562663346625082,40.1268585626764,158.972180710937,0.0243150105538944
80,0.565363963085413,42.80373651601,161.367386415894,0.0228291027098683
81,0.554674751366592,24.1123501127585,145.248910849744,0.0398210440484398
82,0.550714941595949,34.0872858609198,157.49810672018,0.0285003520638169
83,0.538955584155238,41.3335119527964,161.565711897522,0.0236219475746553
84,0.557756824196549,43.2737236730508,161.645688507073,0.0225867606570598
85,0.535473810562945,32.4393188636609,153.980199619509,0.029904915350615
86,0.555998292628718,34.1149930710934,152.653837395362,0.0284778640843076
87,0.549441160204708,46.6043594085762,158.693319301477,0.0210064794994352
88,0.536987034453657,42.1061286175334,159.146319103664,0.023198557422604
89,0.543390744835183,45.3276806896509,164.680590117508,0.0215853672170424
90,0.560859260140194,41.3355334396832,166.366851514808,0.0236208196460955
91,0.558157139717126,36.9604870544105,154.417449377431,0.026343181492025
92,0.544722516474665,42.3061436035188,163.472830420046,0.0230914119057867
93,0.547350079956333,34.8316211643122,159.737083941205,0.0279083102440251
94,0.537139658567012,34.8625478260224,160.478589779648,0.0278842430507513
95,0.534398129315775,37.2230471573576,155.050687691696,0.0261622260486762
96,0.550602716391858,38.9915405884344,156.701482847305,0.0250052882506157
97,0.543198868284221,36.5689650213571,156.355622124352,0.0266177148992932
98,0.542208440573966,37.1934441598681,160.120496007521,0.0261825038824531
99,0.549452901254242,38.2081127871992,157.782753059432,0.0255049256113772
100,0.544632466040865,43.276070031348,163.843942672737,0.0225855636982232
101,0.552800377112529,37.4667228775887,162.88002647173,0.0259964958070971
102,0.544234832386861,33.162582172385,156.02682681308,0.029271792013671
103,0.537873092389192,37.8214847065687,147.550208082336,0.0257589323942265
104,0.53865577162579,33.7365552368084,151.420770873021,0.028788116529769
105,0.551773752579459,34.8488225388633,154.637247356683,0.0278949189730265
106,0.56467417338633,34.3268420109731,161.078837802992,0.0283070872762808
107,0.541806974334287,46.7726635326869,160.224378726399,0.0209324732190363
108,0.542164633507542,39.9560477433077,162.942665789026,0.0244164184558897
109,0.542007065962639,35.3093027527589,157.341395251897,0.0275411512804116
110,0.542709986849814,33.6755468010425,153.898391624481,0.0288387665733922
111,0.544548837192812,40.529409995639,157.839679039431,0.0240793211390436
112,0.543366428106611,39.5695805830474,163.799918423341,0.0246490100619345
113,0.552690397480402,39.8089945968205,157.000833251768,0.0245044017839614
114,0.529392839191978,50.9500119786748,166.396968246777,0.0192492737135555
115,0.536377522293687,34.3745414751054,159.342228602294,0.0282689176537805
116,0.538641867617104,30.724320900588,154.706701878817,0.0315215573292686
117,0.55398714558602,44.8877012760439,159.025403407237,0.0217923315440091
118,0.547613761878578,29.0966036115873,150.515602862996,0.0332263405168746
119,0.556509029561768,28.8831945285692,153.676004611647,0.0334636244811099
120,0.553246497108114,28.5459518672905,156.238169566412,0.0338455841426815
121,0.543591225523185,48.3952652780526,162.923669266979,0.0202448553392894
122,0.539629356762495,35.763907469685,158.464547335006,0.0272005907104566
123,0.53345901228819,33.5037648174738,154.451623051139,0.0289823445438501
124,0.542460563321251,42.9240749573803,157.614436396173,0.0227665579974149
125,0.543088413267121,34.4997387941727,159.013898573724,0.0281692213511202
126,0.530759551919667,31.9479796968489,162.896598695454,0.0303508745968918
127,0.540916743304329,33.9183316647065,159.823976738348,0.0286382525259861
128,0.550110973050662,44.2518248980248,158.730370213713,0.0220985562958732
129,0.526205787168563,43.7074007837576,161.89724251122,0.0223676613372546
130,0.556040701143955,33.9687811052812,153.373706644727,0.0285969361353855
131,0.55922081966202,34.8288359839127,156.736303049144,0.0279104797166451
132,0.536337863436088,44.4620586651929,155.049211288128,0.0219963642070092
133,0.549773531962481,38.5284397193089,158.479809067081,0.025298241142352
134,0.540192475458332,37.7132777552279,161.07298696413,0.0258309308326381
135,0.533425514359309,31.4648834000389,148.809226516392,0.0308025132164436
136,0.541103274188903,47.6189594325634,163.937600724375,0.0205681078260641
137,0.564085312470237,32.4507987616445,155.898270893387,0.0298946523557047
138,0.55051998696748,35.7745247920335,164.777441848974,0.0271927375174847
139,0.523916960059774,41.8245647931237,159.078202805605,0.0233510837723813
140,0.546991772237348,38.734223939535,163.810383440235,0.0251672211220669
141,0.550337375545281,42.9241457086252,156.58032773735,0.0227665213259602
142,0.528397154903788,41.8979518829683,163.43071224086,0.023311136222264
143,0.53236945921555,38.5330799498261,155.667280108965,0.0252952717387353
144,0.544697555722784,33.3308632200184,155.837796350501,0.029128309229839
145,0.538176992464956,37.3907502778564,157.128994222813,0.0260479410473203
146,0.535555961323649,41.2445899585211,153.644208052708,0.0236716701708284
147,0.516430357085102,43.0033822889239,158.241003044703,0.0227255258114945
148,0.533876842567976,35.7771129542369,159.87571238823,0.0271908238486348
149,0.502511700198124,34.9285285616344,141.955080385179,0.0278330351960985
150,0.538877338475622,33.1107670070296,145.321556672428,0.0293162566468798
151,0.547714683617202,41.7659554937609,163.455357492735,0.0233830856449797
152,0.526915697868138,35.6461368755196,166.464158297001,0.0272880059198824
153,0.543771402702104,30.6293899653968,149.787851942947,0.0316161646207537
154,0.556087391395418,40.8010101289947,160.028270982916,0.0239228668616877
155,0.532715955903569,42.9899716917814,153.590679977747,0.022732453819397
156,0.536691228774684,35.9110169928924,159.622504215551,0.0270921822661391
157,0.539732441433523,33.9297002601182,160.09340346834,0.0286289316127277
158,0.54528616550533,34.8314679271096,154.604371868639,0.0279084295969748
159,0.545647046753039,37.3186009935252,160.079801929508,0.0260969861652562
160,0.548477482728354,34.3266408577936,154.31844559129,0.0283072484594692
161,0.540872603506988,33.8699751716258,155.947706746867,0.0286779670785001
162,0.544868516159351,31.1673853469442,159.852766426525,0.0310873883349365
163,0.538965950608774,35.6943494493628,158.277459415013,0.0272521523069913
164,0.524195078421454,33.5441471101267,150.886897184232,0.0289484640281319
165,0.530557905676008,38.0716921121497,165.250516585336,0.0255939772746377
166,0.527947520598573,41.941185304239,163.334769664424,0.0232876664422508
167,0.543547464462505,29.3007995899876,145.791123897612,0.0330024294253421
168,0.536069830335621,33.1674066019567,155.186379914992,0.0292676588436985
169,0.554366677087998,33.0949504005996,154.183089839473,0.0293298564230324
170,0.535176930369761,29.9058727253491,150.868739068337,0.0323563100413533
171,0.524226997815225,40.8316467716903,155.507987543689,0.0239053462431881
172,0.538131812839572,36.9636159596082,157.271221603189,0.0263410103258857
173,0.530525637331007,45.1177755240963,154.47762479734,0.0216836130675363
174,0.554136566846776,45.9331408297604,156.855228316578,0.0213069055750451
175,0.55338374738389,41.0329429749534,150.728054742799,0.0237908632901551
176,0.562109145856862,35.8270105982838,162.295002583946,0.0271539824643438
177,0.54397043227475,35.4095347135017,159.912109900814,0.0274653331295983
178,0.55250276850294,42.2092362849289,161.362831302113,0.023143200065047
179,0.549900035394686,30.9539118623832,148.086180831066,0.0312950728632765
180,0.563294101907012,33.1753840711082,154.074797337312,0.0292608269718144
181,0.543279172625133,37.0149979094945,159.519336123119,0.0263054072074602
182,0.541124567289593,28.9551878742406,149.903055523186,0.0333831990705
183,0.537498074730853,39.1073080182998,159.064477744485,0.0249331119292207
184,0.540270833759918,43.8160764895853,167.524664874373,0.0223134213953867
185,0.552627478691168,35.8545365228706,160.041975507639,0.0271337016917696
186,0.532932150704178,28.8893181947771,149.74553618775,0.0334567685178828
187,0.552778349344833,39.1846996414232,159.786525328391,0.0248850933047458
188,0.557520825285697,37.0059553615128,154.98171546147,0.0263116659083556
189,0.538238325873072,32.7178796536409,157.678259132496,0.0296578554248448
190,0.527381510203078,41.7263895884345,158.253444186392,0.0234047390765422
191,0.550385642538634,34.665104215414,162.044631333023,0.0280386114662694
192,0.546344003537195,35.6010479347365,154.38336359442,0.0273216220962609
193,0.550724017679744,38.2717785789162,163.31644866859,0.0254635780752968
194,0.552082433723053,25.5915102418298,149.083586312954,0.0376059874337994
195,0.554749224121826,30.6008159868999,152.481806335876,0.0316447524777382
196,0.538760714969596,40.3587273551814,159.331006259244,0.0241786936868772
197,0.54505403916454,40.6273697366287,165.926159199641,0.0240226563995486
198,0.53096701080991,48.1845002834181,160.942706925542,0.0203316084180515
199,0.552832891316937,42.870176505634,156.239879711083,0.0227945287585423
200,0.55823819450677,34.0922494584561,153.208536771987,0.0284963208523822
201,0.568997952080329,29.1478598599105,148.623842283183,0.0331698503524544
202,0.550759199933454,36.7706769678891,163.463740506511,0.0264755646516517
203,0.55160638795332,36.8677106385172,154.541754533093,0.0264077226517848
204,0.546287941998816,38.0907281011365,154.707846775793,0.0255815137905023
205,0.542004883774629,37.8431148770286,156.178841771978,0.0257445882794376
206,0.53031042720969,50.9930961851226,158.373508183078,0.0192333227557651
207,0.557892597794518,36.2119369164076,153.067142603318,0.0268730972603331
208,0.53788869100002,38.0276459796309,161.064832694519,0.0256228623299985
209,0.555452682101388,36.1826746815305,153.884648554877,0.0268942460047588
210,0.548030245654635,30.2698095754204,154.623627508126,0.0319797278454183
211,0.551011723978167,34.5752188449948,151.211969891016,0.0281094546278721
212,0.547289697790037,32.0070881915668,153.332943991048,0.0302965228012902
213,0.535051471319791,35.1062147760004,158.367851425492,0.027696063024161
214,0.528548880577844,40.3895057710423,161.312442234094,0.024160713721294
215,0.548344698575273,40.7835409365726,157.090853294131,0.023932868722591
216,0.541359699587905,33.5171178784068,152.122558397809,0.0289711326282424
217,0.537728832484486,27.8915146470516,150.496422205155,0.0346122386526403
218,0.541758646504291,34.0329498053073,159.112757668052,0.0285445560695693
219,0.549838133666172,38.4033947772974,158.576042877296,0.025378523999058
220,0.531422119060495,42.2209744175318,157.665162851466,0.0231369147381917
221,0.53903836332962,35.5189481363658,158.101246051886,0.0273830449953238
222,0.55001298379368,34.7016124586599,159.782269519232,0.0280099393594038
223,0.54884453458017,33.5378237460979,159.652464887914,0.0289537640631738
224,0.531818036251855,28.0539394702981,152.20778347599,0.0344187403922385
225,0.55980502208976,34.9628218101272,148.653179712669,0.027806494309031
226,0.551194146018142,30.7836287623036,156.790842945415,0.031462738489635
227,0.540365976939761,34.5148233756395,161.741786085422,0.0281572567438397
228,0.54449099057219,29.4187584191473,151.633226994948,0.032874451554556
229,0.554129863657076,38.7999776483721,156.541596079789,0.0251256422512313
230,0.532368958479358,38.0454858075163,157.597673188159,0.025611155280017
231,0.548180666547867,39.8075839846038,154.419918773922,0.0245052488375025
232,0.539892353647482,34.0616444771523,157.286741265547,0.0285211950241422
233,0.543253761478342,46.3207728347463,153.431181791804,0.0211323683045542
234,0.561460543034397,33.2924295943637,149.491163263298,0.0291609551095896
235,0.523349578655568,39.7903203419961,160.275960278503,0.0245156201671317
236,0.530141466163175,35.0622386741946,156.1902836085,0.0277298369919442
237,0.552642373336147,36.9426813183984,151.232325035154,0.0263555438164329
238,0.543363357882969,38.4471481479158,165.540891446444,0.0253503750448646
239,0.551242917663253,37.6169787212684,154.796732589549,0.0258953453406557
240,0.540046694100125,34.0009260713067,158.186962498313,0.0285706726148537
241,0.53080328980943,30.4087171270991,153.295567707326,0.0318382949533845
242,0.554558473856385,42.1977973505065,154.942946924611,0.0231493284689034
243,0.548428743423234,41.0516493207654,165.027792094629,0.0237802801115388
244,0.562023433065122,34.6250392148963,152.61380501391,0.0280701445398511
245,0.543601446318157,44.5461703963876,162.123848603473,0.0219557427396643
246,0.541268065654092,42.707284507741,163.743706813139,0.0228794813327488
247,0.54997368122555,39.4713514914253,159.554541816332,0.024708836328628
248,0.552784256705386,42.2607359127059,161.249946990704,0.0231156493042065
249,0.526959366158322,40.6959767016395,158.330476954283,0.0239831292874039
250,0.546375127976098,39.6226411050861,154.69335347772,0.024616813993288
251,0.54709705835233,35.1996136949823,161.877617103763,0.027624604185724
252,0.540755773070551,40.9627500955188,160.99752016127,0.023830659280522
253,0.552555881293988,41.7379280331014,156.215735977272,0.0233984202328545
254,0.543570016024475,35.6626079492786,160.787691889837,0.027275746487633
255,0.550312527133883,34.7083769416397,157.389386813454,0.0280046332443045
256,0.551886707309299,36.4544806137009,158.503450772546,0.0266990753473217
257,0.545671479806236,34.0634497658978,157.443636116909,0.0285197265721579
258,0.556543319334528,30.2956374731935,156.39892261507,0.0319533353764261
259,0.551956420655317,35.7993309429791,154.927852487453,0.0271744070985831
260,0.537387407534135,37.5361042762736,158.421953080645,0.0259496910437751
261,0.55357738129824,38.7489964814682,163.132199465499,0.0251578678336249
262,0.536573402415796,35.1153517079752,148.857890063669,0.0276890561134747
263,0.538277071841866,33.9284362297013,157.7696971216,0.0286299676694273
264,0.538898819110892,27.5655504863471,153.93887775655,0.0350072021359417
265,0.545458715561591,47.0149701450661,164.925190782029,0.0208268379003201
266,0.556863218822934,32.3334984699821,156.067621281796,0.0299998513777524
267,0.536115204043948,36.5062512895223,159.390291949378,0.0266622220461515
268,0.541781523247479,37.8247851455032,152.313659548265,0.0257567426645714
269,0.539362675780849,31.0749093195132,157.013354214268,0.0311770172142509
270,0.540992452906557,45.4674845966892,167.121890555196,0.021520424629812
271,0.551913226854255,37.2742996344363,159.905051530569,0.0261271926475769
272,0.538094493373455,40.7170911063643,165.160854287551,0.0239709906294842
273,0.561477512782029,44.2431250604302,152.645834919554,0.0221028056453732
274,0.547511389868118,36.6743044298029,160.21009459976,0.0265432903177619
275,0.540888237704529,33.0242309906863,162.190128284658,0.0293908185690879
276,0.546046094640888,46.6837518566499,160.956446956633,0.0209715041510632
277,0.534432832258008,37.0202338889465,159.804689427644,0.0263017845424335
278,0.561710114581731,29.6413104880191,153.988908120637,0.0326356798737771
279,0.551256779616946,34.7029034152822,157.706411038988,0.0280089265673548
280,0.553163888657502,33.9365633250102,156.722799260201,0.0286233076418288
281,0.558749759916824,36.2210475012634,150.024727413388,0.026866519540216
282,0.552587832828784,35.5015242557706,151.88052011495,0.027396116200323
283,0.552952558334244,41.0033868608981,161.208952191222,0.0238076039751671
284,0.539447716660111,47.9238854348721,165.967147130972,0.0204399137785409
285,0.543149837867722,42.7293091837069,156.246722812037,0.0228679578677769
286,0.546418610330219,39.7595307762816,161.395455984196,0.0245341391560354
287,0.539372724476186,34.6886903923346,154.266796158067,0.028020081123929
288,0.548606295583456,30.2043143415065,153.227444762973,0.0320468506071241
289,0.54671418966898,44.638165294926,159.177229483727,0.0219114855634037
290,0.535027557793679,36.4452840144852,154.525979731028,0.0267056326669378
291,0.53117665488786,26.8994094866826,149.25645078772,0.0358430525376294
292,0.539736524839517,29.7236765083277,156.108445195871,0.0325481880311085
293,0.557640287455121,40.4584433933779,160.014369852791,0.0241205389819273
294,0.547473844614806,32.0616668366998,166.483953186329,0.0302465088931923
295,0.533050110422673,35.6346976928334,151.785407280599,0.0272965265984881
296,0.515527661511711,41.2464939272351,157.650606764367,0.0236706033339095
297,0.534898396930412,33.6397659698072,154.874466470632,0.0288685553150568
298,0.544909536355906,38.6868241366664,165.021770352063,0.0251972794939796
299,0.530432294025519,43.0392432899016,167.18298268046,0.0227070204957247
300,0.533966341159206,43.1244271219183,163.763463670247,0.0226631837561753
301,0.527742278219392,30.0438500526446,147.539821281189,0.032212499361522
302,0.508021627598452,39.5977170702054,157.51104267933,0.0246319269201937
303,0.551042010083112,37.8969325724824,161.371187765878,0.025708968133581
304,0.542667494606039,37.7978498011953,158.173740955774,0.0257746242413978
305,0.545360045513611,44.2726352202055,159.646599361501,0.0220883983257439
306,0.563991080995352,33.6396208687019,158.338170630541,0.0288686762418793
307,0.535809160499618,43.978822781257,161.773554214896,0.0222326850318703
308,0.534944571034342,41.6926001220966,152.094651859443,0.0234232629809405
309,0.537921987392735,37.1460990898884,159.28196009461,0.0262150003239801
310,0.539549817839235,40.5757685716985,157.390670788465,0.024052471772722
311,0.52294412872742,50.5739490221488,153.482612183311,0.0193896340877551
312,0.525485085475628,36.9906389838545,153.970908984127,0.0263222737692037
313,0.53852148754008,42.7859109421255,163.366940071132,0.0228383966093971
314,0.562160821730153,38.7758105695561,161.443189004422,0.0251409081469577
315,0.541354354692883,39.7231716869024,163.885038852383,0.0245560441040408
316,0.549358788111862,37.8691446171558,159.496722686799,0.0257273477420089
317,0.538535100199538,38.9357939367557,165.469399340359,0.0250401933058762
318,0.560031718732877,31.3949256248685,152.02554784058,0.0308690321311413
319,0.531884491917686,46.2702604114986,159.492705653791,0.0211549500953616
320,0.535756791392938,36.3626462539008,159.805673656612,0.0267646995131025
321,0.544435416019356,37.4750117819273,164.672866445493,0.0259908952248775
322,0.53068683124422,37.0793316254576,165.108142857711,0.0262609651302666
323,0.532806520215166,33.9560404388841,157.922071014096,0.0286073590556792
324,0.550550646968128,34.6775969530134,154.000348973807,0.0280287935680471
325,0.528768489834497,27.5859760580692,151.818202503954,0.0349821883978567
326,0.539587994938308,47.2425071709513,161.493211678081,0.02072860758369
327,0.539499382280942,34.9673731330753,157.768445896344,0.0278029756663104
328,0.552509647078282,40.0943400751457,165.801487048899,0.0243342513390259
329,0.535192949373422,45.6088991299089,155.343900930205,0.0214551302147856
330,0.541823150806191,49.3330779615945,164.764215052219,0.0198676504695983
331,0.543687557580047,41.4031207564449,156.8322110989,0.0235831698743071
332,0.540788051521273,37.1457667492972,160.653352315377,0.0262152287191455
333,0.533171112999519,38.0150898765168,159.310114364718,0.0256311084548315
334,0.548118968374883,40.604574552732,154.807435663665,0.0240358184346422
335,0.543970287737338,44.0903653581469,159.537926516359,0.0221776867864594
336,0.55462568425921,35.6882179788777,158.150024560474,0.0272567067873322
337,0.55725361670779,31.4770081542941,154.158522920677,0.0307910136071995
338,0.543555707461506,35.9417132478932,156.912073512995,0.0270696703558282
339,0.548092432979952,36.4472684783713,162.790992448982,0.0267042174405211
340,0.547951486231182,34.8058062819832,152.796314869811,0.0279284312752142
341,0.532072161887117,53.355220166566,162.106043958845,0.0183974970009431
342,0.549831664166129,33.9073984773732,159.035248678739,0.0286472221826612
343,0.538593498537629,29.7401629840038,155.809080939031,0.0325307318806465
344,0.540129100430381,40.4823145752678,159.307635128446,0.0241066587107994
345,0.54431427729287,44.6058154681089,165.09599804319,0.0219270281593644
346,0.559147554379761,33.4156319060074,152.022516905905,0.0290565636781304
347,0.545073963343194,30.9544687088768,155.449211162336,0.0312945275075785
348,0.568348724156429,34.5225739485468,151.943712614471,0.0281511131892769
349,0.566194518763942,29.1211674371949,154.63101780076,0.0331992444212224
350,0.553427157204661,31.1469432900989,152.495684465214,0.0311071566268633
351,0.544962589661668,29.0519365926935,151.232990105958,0.0332757257395229
352,0.554274300517442,44.7746929227944,151.786785984964,0.0218461323527968
353,0.535758947373268,57.7719264582023,161.614097771712,0.0170149263477212
354,0.54164483670606,29.0916983312192,152.918583955763,0.0332317567786638
355,0.53811375152853,44.7541689295456,165.407351159952,0.0218559318942028
356,0.540655208729073,34.3594438650276,152.376712088887,0.0282809877841165
357,0.546616623031873,45.0989250155709,161.738336898846,0.0216924798064646
358,0.544169782814781,38.9573639344892,162.967615840757,0.0250266759749096
359,0.541686805143376,31.7047235766679,156.57633914247,0.0305766229045096
360,0.524658789493728,36.0021861243052,158.979587830245,0.0270254302445968
361,0.535588289970786,37.1961423118614,158.292652575782,0.0261806543664872
362,0.553667618943024,28.5295523752547,155.348546955663,0.0338643805802483
363,0.536683139260743,35.6055258678722,159.691696748381,0.0273182798577872
364,0.549310361109888,36.7187163693312,157.85979789214,0.0265120368945825
365,0.537667950701875,33.6918234097051,150.735733539095,0.0288252360848882
366,0.539601678490818,49.8903803836351,164.059862872617,0.0196500791006383
367,0.547816640873667,36.6445876529107,157.457126797934,0.0265642436894293
368,0.533844875462432,34.3909060118898,156.599060032071,0.0282558462805118
369,0.552634011774917,37.6443046660453,145.810783763324,0.0258770343687577
370,0.558641272266369,42.6271452056371,147.944100964879,0.0229215089661835
371,0.555116227939223,38.9777287208353,157.562844925209,0.0250139273039498
372,0.566258889003387,29.864262233195,158.113599748382,0.0323999320782236
373,0.537240124473051,41.4153756565667,161.350759576308,0.0235763560859842
374,0.546413428871582,34.9060253279646,159.168195820551,0.0278504788782949
375,0.538103539124298,33.4918093622132,160.705016777298,0.0289923903237019
376,0.547208661580466,36.0664688707023,158.114457783643,0.0269785612297806
377,0.541718975831098,32.8711100108745,157.683089253603,0.0295236855148516
378,0.533510457086002,36.7220852582261,154.590659686184,0.0265096691541444
379,0.543852466146309,38.6932745022923,155.048254522105,0.0251931848036939
380,0.54759584145444,35.1321879797018,160.147989137107,0.0276761540309094
381,0.530817196376718,49.1721446742688,171.653026355771,0.0199313783871962
382,0.547830421123419,38.1641739817304,159.554143602676,0.0255335399252002
383,0.536152239761956,32.9101060281515,159.284367426064,0.02948973380295
384,0.55740713270498,35.5889000454463,154.017378132025,0.0273306931544245
385,0.55595008861525,37.969429967169,161.145982841486,0.0256611400485581
386,0.565106257478636,29.9397154943509,153.133448944003,0.0323209177596537
387,0.534569878448706,32.250871181081,164.436736477899,0.0300743999925324
388,0.543905626652772,37.0930267034161,154.747623481876,0.0262515238756368
389,0.532180170988123,41.5848550168931,161.603014983808,0.023482526818591
390,0.546973762391101,35.8034905976923,163.526218209636,0.0271713357553836
391,0.540432320513817,41.8710063910255,167.02494949409,0.023325787850162
392,0.546177673685525,33.5025659715508,157.606902648467,0.028983351580997
393,0.541679377019669,42.6968846111736,153.956411446998,0.0228849266692183
394,0.550130218373756,38.7801991026257,157.871356439425,0.0251381346136599
395,0.550853182662749,27.1031919594987,154.023144196223,0.0355831466205392
396,0.538859448025882,29.8547753523893,157.286498182462,0.0324098940465164
397,0.534791968885184,33.6390217491948,159.926170206588,0.0288691755569929
398,0.529238607708091,37.7042117186088,152.253462583889,0.0258369814445595
399,0.53986633240188,30.1061855543355,151.280308763288,0.0321479468529892
400,0.556702489472441,27.4651120983575,155.136624327898,0.035130724113948
401,0.555824515736784,44.6037634875575,157.001369784555,0.0219280147848508
402,0.549799836570727,38.1851675676329,155.725977281584,0.025519860244926
403,0.543369358324271,38.6067039198667,156.027458923265,0.0252482509532534
404,0.551791708035507,29.7004869980856,152.120295250662,0.0325727731961501
405,0.533723599708344,34.2162965904508,159.774674537227,0.0283959444012395
406,0.541429901502636,43.1795170105985,158.237756383863,0.0226349237761043
407,0.536662804382587,38.4495309082262,156.248442095777,0.0253488438766575
408,0.548825559084137,43.8673014488637,155.727358447959,0.0222879461814686
409,0.526480823416161,38.2037354492923,156.134306726696,0.0255077733930084
410,0.548084396449857,38.9269690882507,154.68313618495,0.0250457278084319
411,0.543865349534436,34.6571040420903,158.076688927103,0.0280449023235197
412,0.544064775527166,31.7143749331542,153.043843504252,0.0305676022251171
413,0.541785625368631,39.7597207682744,157.026393733618,0.0245340247958312
414,0.533935157227828,38.817979643173,158.37168580036,0.0251142827677711
415,0.551810099739081,35.7230336408537,153.174444271626,0.0272308657770451
416,0.540446793785241,32.8994571320232,158.310007106419,0.0294989974649283
417,0.534504221436046,43.9167329019788,155.34015278957,0.0222634180046507
418,0.535200527306105,32.946921075473,149.837365531132,0.0294577525242049
419,0.558943978409009,32.8440666261916,158.373317822279,0.0295472766628497
420,0.541661867863795,35.5295101019903,155.15858981078,0.0273751275943204
421,0.557194218363937,37.763175525035,158.345829738037,0.0257976800521452
422,0.550401553718874,36.9913422141597,159.711724269312,0.0263217865365992
423,0.539766345926435,46.5680627318406,162.725058299741,0.0210225084346483
424,0.545591954949814,36.019429771919,157.172227482023,0.027012841801214
425,0.540030241197868,35.1320942338468,156.175546287548,0.0276762258375616
426,0.544050376436362,24.3401741050704,152.772044570561,0.0394630279907946
427,0.544987672761159,36.2783810354817,153.224243836633,0.0268251992769803
428,0.549638003760631,40.1778198214915,152.118401969557,0.0242849185395211
429,0.547607779028739,28.8149344203386,150.152197043326,0.0335402381203239
430,0.540135561707786,31.4520757394999,158.724181195318,0.0308146698543176
431,0.53838645181172,39.1579667021828,160.633668436611,0.0249016591755291
432,0.534061021052525,36.7140569466929,156.606063673356,0.026515312351929
433,0.541773467664691,40.2992010259673,151.205032622889,0.0242135434865009
434,0.552829244537873,30.5829697952187,153.637955902194,0.0316626335801831
435,0.565001072912473,28.8736104522236,150.625474067244,0.0334743603087175
436,0.537911727161311,27.9923729842933,152.472706685631,0.0344918299906584
437,0.555117836323872,33.0298843211704,161.980715793514,0.0293859359192087
438,0.550357088032923,38.2582796399717,161.706135141463,0.025472333713315
439,0.551082747422504,40.9613157501818,151.250147607755,0.0238314738735443
440,0.55112209410264,45.9990423053548,155.800240851102,0.0212770292956813
441,0.541137931238767,29.9825974621541,155.482305531956,0.0322761834678813
442,0.554545635481954,25.7930326005875,148.283444747363,0.0373231360147739
443,0.549937026545128,31.4842463544873,156.16628883151,0.0307841526962765
444,0.561545004745644,35.8644525548391,155.025891374675,0.0271264030982804
445,0.545302446714515,36.9336480389835,163.317228684764,0.0263618199592173
446,0.554766561462694,46.1664565677332,155.656259434353,0.0212015078674387
447,0.55514984851497,27.0944364526799,156.850763579003,0.0355942359507486
448,0.552240604292125,34.5125762248256,156.390378319888,0.0281590384676439
449,0.549633182527013,28.1779400121393,154.273325829382,0.0342724674731649
450,0.559531264842744,24.2115903118299,151.995756879779,0.0396642967631747
451,0.536344719930312,27.0730395883881,156.339113883385,0.0356213653620049
452,0.532375174719689,31.7719139348473,158.154512243232,0.030513933424458
453,0.548537644790131,31.1102689113357,159.259909596454,0.0311426853123293
454,0.546408309062756,50.2938088560394,164.682437855153,0.0194955302072924
455,0.542217449901773,43.0246903669575,154.240678535303,0.0227145265909819
456,0.540773350239109,33.3454600111519,158.150733533239,0.0291159297233259
457,0.542359942990881,34.8259904331375,157.933799143347,0.0279126965621875
458,0.542642206165811,44.8878206473485,162.37188667577,0.021792274854042
459,0.538202261485922,41.78421338832,160.14533156797,0.0233731070599278
460,0.547273284855435,37.3350542997183,159.894150351938,0.0260857854062658
461,0.546571490149307,41.0861800269679,163.215568595546,0.0237607689592931
462,0.536590661921184,31.264383117114,155.588313058075,0.0309939290136178
463,0.546100123482973,28.4470053479741,152.889341406934,0.0339593105710764
464,0.544894840586009,47.6460884112793,162.556915914495,0.0205566373917977
465,0.536944639538155,36.6651683483501,158.492706185694,0.0265497286711
466,0.55219596225978,36.4774823276395,154.832758268678,0.0266826888545419
467,0.546559682361434,33.2553219246874,160.759325109789,0.0291925442183427
468,0.540124314571063,48.6128296827668,165.860640182292,0.0201560766921415
469,0.54189876653001,33.6985781844573,154.972785835926,0.028819624674072
470,0.536408298370469,37.5658074625108,163.650823709859,0.0259297047254121
471,0.543856882284878,42.295347385685,163.14044176509,0.0230971700282658
472,0.559675904870266,38.9646737307183,159.144534898749,0.0250220984346824
473,0.538705091823085,32.7077093952497,162.344604383008,0.0296668037651033
474,0.537338632112303,41.7609030890065,159.461642092041,0.0233858484681324
475,0.543058610676337,38.7432331231014,159.177269146442,0.0251615160976608
476,0.540685665249727,36.2941820733407,155.295387112195,0.0268138338047863
477,0.54829788288791,37.5361893843677,164.408216660724,0.025949633733263
478,0.532719003026692,43.1103167557218,163.67195807578,0.0226704334393673
479,0.550855165304813,30.1477072071448,157.254953553391,0.0321050918242423
480,0.535961214870937,36.2949282499973,160.160758278771,0.0268132973281715
481,0.54376793544221,37.8355765967875,159.130801212571,0.025749585499465
482,0.557723794912332,36.7534101040496,157.451312849154,0.0264876734907911
483,0.541645974874735,39.5404752832465,158.208521201188,0.0246667063721686
484,0.559775903174527,40.8855012835391,159.75357263918,0.023874609813802
485,0.530522250349981,37.4246772951879,156.664326201207,0.0260249420526749
486,0.539514002047187,34.8550860845498,155.901334768834,0.027890045993528
487,0.538407761049016,37.4890814529028,163.986981998734,0.0259813942617376
488,0.538059869380366,34.4447327639567,155.932067583216,0.0282129366487109
489,0.548355385472369,37.308452236889,159.861729705586,0.0261038998343309
490,0.541219689849494,43.0543608903884,166.266240277398,0.0226992284030201
491,0.555495037257903,37.5032796784625,154.292476995561,0.0259718135273388
492,0.545962418718757,35.6074172881326,158.222606111392,0.0273168683856914
493,0.529326202067634,37.1380369454906,153.834211559909,0.0262205420124079
494,0.545463835626083,41.1711263594828,157.006284791076,0.0237129070605233
495,0.549753741500988,33.7160249431532,157.001292718917,0.0288051411887588
496,0.551171825534842,38.6023826145211,153.259787118554,0.0252510059744064
497,0.569865585207167,39.8263239193216,150.794980155126,0.0244940005369118
498,0.550846545303897,39.189145893264,158.056970029874,0.0248823401884639
499,0.540519213613579,31.4234763780741,155.266420820585,0.0308418501563341
500,0.524337609444589,36.2800948074013,156.045640853732,0.0268239661182801
