"ID_Plant","AreaPlant","AGB0","YearLogged","AreaTot","AreaLogged","code_parcOLD"
"BLA015",23.9410681399632,294.0466467,1985,51.76296,26,"BLA015"
"CCO471",23.1123388581952,383.3460781,2017,295.99639,25.1,"CCO471"
"CCO482",23.2044198895028,350.9364655,2017,237.56262,25.2,"CCO482"
"CCO487",27.4401473296501,343.033832766667,2017,333.73094,29.8,"CCO487"
"COU050",41.4364640883978,324.799887,1990,89.52205,45,"COU050"
"MAG027",42.8176795580111,271.7193787,1980,92.60263,46.5,"MAG027"
"MAR040",47.8821362799263,330.83394766,1997,101.18943,52,"MAR040"
"MAR071",36.8324125230203,263.7906717,2005,95.38855,40,"MAR071"
"RAP225",49.9539594843462,331.046198766667,2014,313.42007,54.25,"RAP225"
"RAP234",12.8913443830571,367.507533,2014,196.67128,14,"RAP234"
"RFE058",29.5580110497238,321.948264033333,2016,527.1734,32.1,"RFE058"
"RFE060",10.1749539594843,317.9654851,2015,316.04783,11.05,"RFE060"
"RFE068",37.7532228360958,328.64914225,2016,292.77717,41,"RFE068"
"RIS011",49.2633517495396,271.4821077,1980,106.55576,53.5,"RIS011"
"RIS016",49.7237569060773,269.8450566625,1980,108.23938,54,"RIS016"
"ACA005s1",123.848987108656,270.284058,1994,268.84833,134.5,"ACA005"
"ACA006s1",65.377532228361,258.18831235,1994,141.92617,71,"ACA006"
"ACA016s1",114.640883977901,280.8766477,1994,249.20521,124.5,"ACA016"
"ACA017s1",62.6151012891344,276.01279415,1994,135.79302,68,"ACA017"
"ACA018s1",67.6795580110497,257.3206528,1993,147.3966,73.5,"ACA018"
"ACA019s1",106.813996316759,279.910543,1993,231.99635,116,"ACA019"
"ACA021s1",75.5064456721915,272.190171433333,1990,328.09798,164,"ACA021"
"ACA021s2",75.5064456721915,272.190171433333,1990,328.09798,164,"ACA021"
"ACA023s1",85.1749539594843,294.3253233,1990,184.83133,92.5,"ACA023"
"ACA024s1",75.5064456721915,288.407905575,1990,328.4171,164,"ACA024"
"ACA024s2",75.5064456721915,288.407905575,1990,328.4171,164,"ACA024"
"ACA025s1",69.5211786372007,287.817444,1990,150.54625,75.5,"ACA025"
"ACA026s1",102.670349907919,274.74093535,1990,222.9272,111.5,"ACA026"
"ACA031s1",82.4125230202578,281.8576215,1993,179.11699,89.5,"ACA031"
"ACA032s1",75.5064456721915,289.542939,1993,164.30425,82,"ACA032"
"ACA033s1",64.4567219152855,281.2797167,1992,140.35537,70,"ACA033"
"ACA034s1",102.209944751381,302.1376177,1992,222.02864,111,"ACA034"
"ACA038s1",121.086556169429,282.389897433333,1990,263.48414,131.5,"ACA038"
"ACA039s1",64.9171270718232,283.5038953,1989,141.03593,70.5,"ACA039"
"ACA040s1",82.4125230202578,325.994261,1989,179.24416,89.5,"ACA040"
"ACA041s1",114.640883977901,296.6178691,1989,248.72916,124.5,"ACA041"
"ACA045s1",110.497237569061,292.572012,1995,249.69135,120,"ACA045"
"ACA046s1",80.5709023941068,277.58998015,1992,175.49803,87.5,"ACA046"
"ACA047s1",106.813996316759,286.946472766667,1992,232.13211,116,"ACA047"
"ACA050s1",99.4475138121547,326.74896185,1991,216.35322,108,"ACA050"
"ACA051s1",75.5064456721915,332.482315,1991,163.93885,82,"ACA051"
"ACA053s1",67.6795580110497,342.1700641,1991,146.5729,73.5,"ACA053"
"ACA054s1",89.0883977900553,324.638304,1991,387.35031,193.5,"ACA054"
"ACA054s2",89.0883977900553,324.638304,1991,387.35031,193.5,"ACA054"
"ACA056s1",141.804788213628,329.1286595,1991,307.8364,154,"ACA056"
"ACA057s1",59.3922651933702,284.8377403,1990,129.01221,64.5,"ACA057"
"ACA058s1",91.1602209944751,279.2438592,1990,197.53484,99,"ACA058"
"ACA059s1",94.8434622467772,318.877501666667,1990,206.04518,103,"ACA059"
"ACA060s1",86.5561694290976,324.37425565,1990,187.92098,94,"ACA060"
"ACA061s1",103.591160220994,333.6521108,1990,224.55993,112.5,"ACA061"
"AIM001s1",113.720073664825,292.290271766667,1980,246.9563,123.5,"AIM001"
"AIM002s1",121.086556169429,295.031497,1980,263.32144,131.5,"AIM002"
"AIM003s1",77.1178637200737,302.71229,1984,335.02084,167.5,"AIM003"
"AIM003s2",77.1178637200737,302.71229,1984,335.02084,167.5,"AIM003"
"AIM004s1",107.274401473296,304.934298,1979,233.36494,116.5,"AIM004"
"AIM005s1",103.591160220994,299.2788675,1981,449.61805,225,"AIM005"
"AIM005s2",103.591160220994,299.2788675,1981,449.61805,225,"AIM005"
"AIM006s1",136.279926335175,299.59856865,1979,295.5356,148,"AIM006"
"AIM007s1",93.0018416206262,301.7794844,1979,403.7961,202,"AIM007"
"AIM007s2",93.0018416206262,301.7794844,1979,403.7961,202,"AIM007"
"AIM008s1",101.749539594843,302.3154445,1989,221.3279,110.5,"AIM008"
"AIM009s1",111.878453038674,298.708220233333,1989,242.86801,121.5,"AIM009"
"AIM010s1",110.036832412523,299.3105457,1983,238.66988,119.5,"AIM010"
"AIM011s1",103.130755064457,286.308608,1983,224.04081,112,"AIM011"
"AIM012s1",90.4696132596685,303.430083,1990,392.57891,196.5,"AIM012"
"AIM012s2",90.4696132596685,303.430083,1990,392.57891,196.5,"AIM012"
"AIM013s1",88.3977900552486,298.078756666667,1990,192.46121,96,"AIM013"
"AIM015s1",115.561694290976,300.19033585,1991,250.99206,125.5,"AIM015"
"AIM017s1",99.4475138121547,298.204410666667,1991,216.08399,108,"AIM017"
"AIM021s1",80.5709023941068,289.7679745,1989,350.26228,175,"AIM021"
"AIM021s2",80.5709023941068,289.7679745,1989,350.26228,175,"AIM021"
"BAL014s1",93.9226519337017,281.5789538,2001,254.01209,102,"BAL014"
"BAL017s1",131.675874769797,304.146044,2004,262.07478,143,"BAL017"
"BAL018s1",89.7790055248619,297.808375333333,1998,381.3279,195,"BAL018"
"BAL018s2",89.7790055248619,297.808375333333,1998,381.3279,195,"BAL018"
"BAL020s1",142.725598526703,299.400963,2001,313.02669,155,"BAL020"
"BAL025s1",128.453038674033,289.3847359,1984,278.65994,139.5,"BAL025"
"BAL026s1",103.130755064457,281.5175143,1984,224.38324,112,"BAL026"
"BAL027s1",119.705340699816,290.438801,1984,260.47596,130,"BAL027"
"BAL028s1",76.6574585635359,305.674464566667,1983,333.1274,166.5,"BAL028"
"BAL028s2",76.6574585635359,305.674464566667,1983,333.1274,166.5,"BAL028"
"BAL029s1",142.725598526703,292.160574175,2001,288.98822,155,"BAL029"
"BAL030s1",126.611418047882,311.8958348,1981,274.81722,137.5,"BAL030"
"BAL031s1",75.0460405156538,297.326071866667,1981,325.51203,163,"BAL031"
"BAL031s2",75.0460405156538,297.326071866667,1981,325.51203,163,"BAL031"
"BAL032s1",145.48802946593,298.563724966667,1981,316.09636,158,"BAL032"
"BAL033s1",75.0460405156538,287.4433858,1982,162.77097,81.5,"BAL033"
"BAL034s1",135.359116022099,306.61160035,1982,294.12106,147,"BAL034"
"BAL035s1",124.769797421731,288.969501566667,1982,270.6987,135.5,"BAL035"
"BLA020s1",58.4714548802947,296.474562,1985,126.60398,63.5,"BLA020"
"BLA021s1",87.0165745856354,289.8926967,1985,188.9137,94.5,"BLA021"
"BLA027s1",80.1104972375691,277.427517325,1985,174.1937,87,"BLA027"
"BLA030s1",57.0902394106814,269.0181357,1985,124.43023,62,"BLA030"
"BLA031s1",75.5064456721915,255.675228,1985,163.59647,82,"BLA031"
"BLA032s1",115.101289134438,216.1459723,1985,249.80093,125,"BLA032"
"BLA033s1",91.1602209944751,256.01450265,1985,197.51881,99,"BLA033"
"BLA035s1",112.338858195212,276.399026427273,1985,244.40798,122,"BLA035"
"BLA043s1",100.828729281768,276.225401666667,1985,218.70258,109.5,"BLA043"
"BLA044s1",111.418047882136,269.467504233333,1985,242.07882,121,"BLA044"
"BLA045s1",90.0092081031308,280.17184875,1985,390.64014,195.5,"BLA045"
"BLA045s2",90.0092081031308,280.17184875,1985,390.64014,195.5,"BLA045"
"BLA046s1",141.804788213628,299.429776,1985,307.94656,154,"BLA046"
"BLA047s1",125.690607734807,282.063597,1985,273.41302,136.5,"BLA047"
"BLA048s1",86.5561694290976,279.7974311,1985,187.65407,94,"BLA048"
"BLA049s1",120.165745856354,285.8600739,1985,260.55782,130.5,"BLA049"
"BLA050s1",115.561694290976,289.4334087,1985,250.58346,125.5,"BLA050"
"BLA051s1",104.051565377532,294.5086613,1985,226.28808,113,"BLA051"
"CCO480s1",69.9815837937385,345.2823333,2017,208.0167,76,"CCO480"
"CCO481s1",127.44014732965,377.65030894,2017,399.62561,138.4,"CCO481"
"CCO484s1",117.863720073665,372.454160233333,2017,262.38959,128,"CCO484"
"CCO485s1",116.022099447514,386.64284824,2017,441.50923,252,"CCO485"
"CCO485s2",116.022099447514,386.64284824,2017,441.50923,252,"CCO485"
"CCO486s1",117.127071823204,344.45464534,2017,434.96574,127.2,"CCO486"
"CCO740s1",78.0847145488029,372.7649207,2017,210.14775,84.8,"CCO740"
"CDF006s1",95.3038674033149,307.618419333333,2005,374.45188,207,"CDF006"
"CDF006s2",95.3038674033149,307.618419333333,2005,374.45188,207,"CDF006"
"CDF007s1",75.9668508287293,315.742223,2001,278.75331,165,"CDF007"
"CDF007s2",75.9668508287293,315.742223,2001,278.75331,165,"CDF007"
"CDF010s1",137.20073664825,313.89423535,2001,288.66465,149,"CDF010"
"CDF014s1",90.6998158379374,310.084593233333,2000,315.14786,197,"CDF014"
"CDF014s2",90.6998158379374,310.084593233333,2000,315.14786,197,"CDF014"
"CDF015s1",78.2688766114181,305.6780195,2000,398.57596,170,"CDF015"
"CDF015s2",78.2688766114181,305.6780195,2000,398.57596,170,"CDF015"
"CDF016s1",116.942909760589,314.183706233333,2001,465.10673,254,"CDF016"
"CDF016s2",116.942909760589,314.183706233333,2001,465.10673,254,"CDF016"
"CDF017s1",93.9226519337017,322.1569882,2012,245.07317,102,"CDF017"
"CFR005s1",111.418047882136,328.4344292,2005,198.73021,121,"CFR005"
"CFR006s1",149.171270718232,319.955724,2005,267.97261,162,"CFR006"
"CFR007s1",117.863720073665,324.2313,2005,284.42603,128,"CFR007"
"CFR010s1",115.101289134438,315.5134897,2005,210.06734,125,"CFR010"
"CFR011s1",116.942909760589,331.26205465,2005,207.88925,127,"CFR011"
"CFR012s1",132.596685082873,324.235682666667,2004,216.18786,144,"CFR012"
"CFR025s1",116.022099447514,331.972047975,2009,433.83127,252,"CFR025"
"CFR025s2",116.022099447514,331.972047975,2009,433.83127,252,"CFR025"
"CMA004s1",91.6206261510129,308.8963096,2007,516.36055,199,"CMA004"
"CMA004s2",91.6206261510129,308.8963096,2007,516.36055,199,"CMA004"
"CMG008s1",82.8729281767956,284.514245466667,2009,299.81032,180,"CMG008"
"CMG008s2",82.8729281767956,284.514245466667,2009,299.81032,180,"CMG008"
"CNI002s1",83.7937384898711,332.256688175,2002,414.68907,273,"CNI002"
"CNI002s2",83.7937384898711,332.256688175,2002,414.68907,273,"CNI002"
"CNI002s3",83.7937384898711,332.256688175,2002,414.68907,273,"CNI002"
"CNI006s1",82.8729281767956,311.6874622,2000,145.58387,90,"CNI006"
"CNI008s1",84.1006752608963,301.959786866667,2004,372.29432,274,"CNI008"
"CNI008s2",84.1006752608963,301.959786866667,2004,372.29432,274,"CNI008"
"CNI008s3",84.1006752608963,301.959786866667,2004,372.29432,274,"CNI008"
"CNI012s1",82.8729281767956,309.8274237,2014,91.97041,90,"CNI012"
"CNI013s1",94.3830570902394,321.063379925,2013,427.84763,410,"CNI013"
"CNI013s2",94.3830570902394,321.063379925,2013,427.84763,410,"CNI013"
"CNI013s3",94.3830570902394,321.063379925,2013,427.84763,410,"CNI013"
"CNI013s4",94.3830570902394,321.063379925,2013,427.84763,410,"CNI013"
"COE003s1",75.9668508287293,304.07212575,1998,302.94254,165,"COE003"
"COE003s2",75.9668508287293,304.07212575,1998,302.94254,165,"COE003"
"COE004s1",110.497237569061,323.195145566667,1999,228.7941,120,"COE004"
"COE005s1",105.893186003683,319.08562685,1997,211.32747,115,"COE005"
"COE007s1",59.8526703499079,323.2712731,1998,228.88606,65,"COE007"
"COE008s1",92.0810313075506,317.63937215,1999,266.30447,100,"COE008"
"COE014s1",80.1104972375691,310.748899,2000,208.12436,87,"COE014"
"COO003s1",124.309392265193,310.191606775,2000,79.74406,135,"COO003"
"COO004s1",101.289134438306,315.1632345,2000,313.46706,220,"COO004"
"COO004s2",101.289134438306,315.1632345,2000,313.46706,220,"COO004"
"COO006s1",96.6850828729282,335.9083237,2000,220.70008,105,"COO006"
"COO007s1",87.4769797421731,330.0926075,2003,183.92215,95,"COO007"
"COR001s1",124.079189686924,282.109216166667,1993,539.04899,269.5,"COR001"
"COR001s2",124.079189686924,282.109216166667,1993,539.04899,269.5,"COR001"
"COR004s1",81.4917127071823,281.21016825,1993,354.1101,177,"COR004"
"COR004s2",81.4917127071823,281.21016825,1993,354.1101,177,"COR004"
"COR005s1",143.186003683241,289.145565633333,1994,310.87439,155.5,"COR005"
"COR006s1",95.7642725598527,281.24310475,1992,415.74632,208,"COR006"
"COR006s2",95.7642725598527,281.24310475,1992,415.74632,208,"COR006"
"COR007s1",93.4622467771639,288.8387027,1991,202.94364,101.5,"COR007"
"COR008s1",84.9447513812155,292.1530565,1991,369.41659,184.5,"COR008"
"COR008s2",84.9447513812155,292.1530565,1991,369.41659,184.5,"COR008"
"COR009s1",87.0165745856354,286.1377032,1992,378.14869,189,"COR009"
"COR009s2",87.0165745856354,286.1377032,1992,378.14869,189,"COR009"
"COR012s1",116.942909760589,321.885140075,1990,253.51789,127,"COR012"
"COR015s1",78.9594843462247,318.6449405,1990,342.50421,171.5,"COR015"
"COR015s2",78.9594843462247,318.6449405,1990,342.50421,171.5,"COR015"
"COR016s1",79.8802946593002,306.3525999,1990,347.05841,173.5,"COR016"
"COR016s2",79.8802946593002,306.3525999,1990,347.05841,173.5,"COR016"
"COR017s1",96.2246777163904,316.563967825,1990,418.19649,209,"COR017"
"COR017s2",96.2246777163904,316.563967825,1990,418.19649,209,"COR017"
"COR018s1",96.2246777163904,309.8980073,1990,208.58217,104.5,"COR018"
"COR019s1",72.2836095764273,320.8617333,1990,157.38195,78.5,"COR019"
"COR020s1",103.130755064457,301.305013,1974,224.40507,112,"COR020"
"COR021s1",122.467771639042,324.09527545,1974,532.3313,266,"COR021"
"COR021s2",122.467771639042,324.09527545,1974,532.3313,266,"COR021"
"COR022s1",80.3406998158379,320.9884541,1974,349.15115,174.5,"COR022"
"COR022s2",80.3406998158379,320.9884541,1974,349.15115,174.5,"COR022"
"COU001s1",126.151012891344,320.0292047,1993,274.38136,137,"COU001"
"COU002s1",79.6500920810313,299.3940093,1993,172.74648,86.5,"COU002"
"COU003s1",115.101289134438,326.664215433333,2000,243.70746,125,"COU003"
"COU004s1",131.675874769797,329.5060395,1995,278.69,143,"COU004"
"COU005s1",133.517495395948,330.7185243,1998,202.83401,145,"COU005"
"COU007s1",69.9815837937385,310.155481,1996,123.5677,76,"COU007"
"COU008s1",69.060773480663,316.179893,1997,123.38608,75,"COU008"
"COU009s1",114.180478821363,337.293566,1997,199.92976,124,"COU009"
"COU010s1",78.2688766114181,305.6866103,1999,149.77722,85,"COU010"
"COU011s1",101.289134438306,320.5331107,1999,207.75858,110,"COU011"
"COU012s1",105.893186003683,302.2814805,1999,203.69093,115,"COU012"
"COU013s1",73.6648250460405,318.671911,2000,124.3178,80,"COU013"
"COU014s1",110.497237569061,303.8264613,2000,202.96716,120,"COU014"
"COU032s1",69.9815837937385,315.1095453,2004,144.30638,76,"COU032"
"COU034s1",86.5561694290976,328.00110515,2005,165.58256,94,"COU034"
"COU037s1",69.9815837937385,305.3789887,2005,159.03241,76,"COU037"
"COU039s1",90.2394106813996,319.79202665,2003,181.4967,98,"COU039"
"COU040s1",73.6648250460405,321.5789908,2003,122.0247,80,"COU040"
"COU041s1",69.060773480663,336.182173,2003,128.33662,75,"COU041"
"COU043s1",83.7937384898711,328.41431522,2005,129.11602,91,"COU043"
"COU047s1",87.9373848987109,326.4278587,1980,190.59769,95.5,"COU047"
"COU048s1",110.957642725599,320.0530749,1980,241.0713,120.5,"COU048"
"COU051s1",82.8729281767956,313.717692,2003,146.19289,90,"COU051"
"COU052s1",87.4769797421731,332.97352735,2003,137.03508,95,"COU052"
"CRB001s1",139.226519337017,318.653018175,2009,228.52607,151.2,"CRB001"
"CRI001s1",133.057090239411,308.16249,1987,288.68787,144.5,"CRI001"
"CRI006s1",112.338858195212,303.673320033333,1980,244.28182,122,"CRI006"
"CRI007s1",119.244935543278,288.618012,1980,258.74259,129.5,"CRI007"
"CRI008s1",143.186003683241,310.271257366667,1980,310.83594,155.5,"CRI008"
"CRI010s1",109.116022099448,295.70527685,1979,236.83734,118.5,"CRI010"
"CRI011s1",74.585635359116,331.5646367,1987,161.54932,81,"CRI011"
"CRI012s1",65.8379373848987,326.81857335,1987,142.89422,71.5,"CRI012"
"CRI013s1",111.878453038674,321.511962566667,1987,242.61606,121.5,"CRI013"
"CRI014s1",126.151012891344,314.400535766667,1987,273.76447,137,"CRI014"
"CRI015s1",90.9300184162063,324.107875175,1987,394.90396,197.5,"CRI015"
"CRI015s2",90.9300184162063,324.107875175,1987,394.90396,197.5,"CRI015"
"CRI017s1",89.3186003683241,300.0105282,1979,388.18149,194,"CRI017"
"CRI017s2",89.3186003683241,300.0105282,1979,388.18149,194,"CRI017"
"CRI018s1",96.6850828729282,296.5635865,1978,209.94314,105,"CRI018"
"CRI019s1",92.5414364640884,302.2376345,1978,200.93402,100.5,"CRI019"
"CRI020s1",109.116022099448,295.2372711,1978,237.40761,118.5,"CRI020"
"CRI021s1",95.7642725598527,298.73108835,1978,208.1711,104,"CRI021"
"CRI022s1",139.042357274401,289.745216766667,1981,301.921,151,"CRI022"
"CRI023s1",85.1749539594843,321.67671135,1977,184.7969,92.5,"CRI023"
"CRI026s1",121.086556169429,323.7467212,1977,263.39926,131.5,"CRI026"
"CRI032s1",146.961325966851,285.9195881,2005,266.12515,159.6,"CRI032"
"CRI033s1",129.834254143646,281.7652093,2005,234.50003,141,"CRI033"
"CRI035s1",99.4475138121547,277.597194866667,2003,236.7119,108,"CRI035"
"CRL005s1",58.195211786372,307.895008925,2017,487.92773,63.2,"CRL005"
"CRL007s1",83.609576427256,329.118889775,2017,458.42765,181.6,"CRL007"
"CRL007s2",83.609576427256,329.118889775,2017,458.42765,181.6,"CRL007"
"CSA001s1",78.7292817679558,312.4969307,1993,171.05768,85.5,"CSA001"
"CSA002s1",88.8581952117864,317.615356,1993,192.66214,96.5,"CSA002"
"CSA003s1",51.5653775322284,326.1683377,1993,111.51812,56,"CSA003"
"CSA005s1",86.0957642725598,324.20096735,1992,186.61582,93.5,"CSA005"
"CSA006s1",97.1454880294659,322.34820385,1992,211.28883,105.5,"CSA006"
"CSA007s1",74.585635359116,314.1139143,1988,161.8882,81,"CSA007"
"CSA008s1",124.769797421731,320.744653766667,1988,270.72139,135.5,"CSA008"
"CSA009s1",137.661141804788,330.3683759,1990,298.89393,149.5,"CSA009"
"CSA010s1",112.338858195212,330.66905715,1992,243.88534,122,"CSA010"
"CSA012s1",97.1454880294659,306.53214715,1991,210.93122,105.5,"CSA012"
"CSA013s1",136.279926335175,306.8247915,1991,295.87494,148,"CSA013"
"CSA014s1",121.546961325967,314.271820633333,1990,264.34714,132,"CSA014"
"CSA015s1",63.9963167587477,309.941724,1990,139.39029,69.5,"CSA015"
"CSA016s1",84.2541436464088,309.2629128,1987,182.97929,91.5,"CSA016"
"CSA017s1",104.972375690608,306.4642849,1987,228.06953,114,"CSA017"
"CSA018s1",114.180478821363,301.4819288,1991,247.54974,124,"CSA018"
"CSA019s1",145.48802946593,303.5851665,1991,315.7488,158,"CSA019"
"CSA020s1",136.279926335175,307.8279233,1991,296.02059,148,"CSA020"
"CSA021s1",88.8581952117864,300.04219765,1990,192.85876,96.5,"CSA021"
"CSA022s1",76.427255985267,305.9447523,1990,166.02079,83,"CSA022"
"CSA023s1",100.828729281768,305.26265885,1988,219.34847,109.5,"CSA023"
"CSA024s1",94.3830570902394,304.4968885,1988,204.9622,102.5,"CSA024"
"CSA025s1",80.5709023941068,309.252892575,1989,349.8887,175,"CSA025"
"CSA025s2",80.5709023941068,309.252892575,1989,349.8887,175,"CSA025"
"CSA027s1",102.209944751381,293.25271165,1989,222.0518,111,"CSA027"
"CSE001s1",103.591160220994,307.691816925,1993,224.77789,112.5,"CSE001"
"CSE002s1",79.6500920810313,282.824055766667,1994,345.73594,173,"CSE002"
"CSE002s2",79.6500920810313,282.824055766667,1994,345.73594,173,"CSE002"
"CSE003s1",110.036832412523,294.432091133333,1992,238.60619,119.5,"CSE003"
"CSE004s1",112.338858195212,278.3465777,1994,244.19517,122,"CSE004"
"CSE005s1",143.646408839779,283.442588925,1996,300.3712,156,"CSE005"
"CSE006s1",99.4475138121547,279.89743965,1995,249.97129,108,"CSE006"
"CSE017s1",125.230202578269,286.183747866667,2001,258.46628,136,"CSE017"
"CSE018s1",89.3186003683241,306.9596408,1999,190.09249,97,"CSE018"
"CSE019s1",98.5267034990792,305.38529665,1996,233.0586,107,"CSE019"
"CSE020s1",136.740331491713,291.713982333333,1994,296.77645,148.5,"CSE020"
"CSE021s1",117.403314917127,282.819426,1994,254.74449,127.5,"CSE021"
"CSE022s1",81.9521178637201,277.752097466667,1992,355.66754,178,"CSE022"
"CSE022s2",81.9521178637201,277.752097466667,1992,355.66754,178,"CSE022"
"CSE023s1",79.6500920810313,292.37965,1994,346.0173,173,"CSE023"
"CSE023s2",79.6500920810313,292.37965,1994,346.0173,173,"CSE023"
"CSE024s1",88.8581952117864,287.398834,1995,332.328,193,"CSE024"
"CSE024s2",88.8581952117864,287.398834,1995,332.328,193,"CSE024"
"CSE025s1",91.6206261510129,282.5885303,1996,353.84744,199,"CSE025"
"CSE025s2",91.6206261510129,282.5885303,1996,353.84744,199,"CSE025"
"CSE027s1",109.576427255985,277.165365,2002,212.48811,119,"CSE027"
"CSE028s1",126.151012891344,290.748565666667,2005,277.86158,137,"CSE028"
"CSE029s1",78.7292817679558,297.052468325,1999,369.45252,171,"CSE029"
"CSE029s2",78.7292817679558,297.052468325,1999,369.45252,171,"CSE029"
"CSE033s1",116.022099447514,298.3275902,2006,196.68355,126,"CSE033"
"CSE034s1",120.626151012891,281.899984566667,2006,242.9614,131,"CSE034"
"CSE036s1",75.5064456721915,286.867683666667,2008,271.44669,164,"CSE036"
"CSE036s2",75.5064456721915,286.867683666667,2008,271.44669,164,"CSE036"
"CSE038s1",124.585635359116,286.237101333333,2009,465.24582,270.6,"CSE038"
"CSE038s2",124.585635359116,286.237101333333,2009,465.24582,270.6,"CSE038"
"CSE039s1",116.942909760589,277.792082,2008,218.51636,127,"CSE039"
"CSO001s1",98.5267034990792,289.470821,2007,264.1951,107,"CSO001"
"CSO003s1",103.867403314917,271.4445475,2009,552.59746,338.4,"CSO003"
"CSO003s2",103.867403314917,271.4445475,2009,552.59746,338.4,"CSO003"
"CSO003s3",103.867403314917,271.4445475,2009,552.59746,338.4,"CSO003"
"DAR001s1",112.79926335175,315.74262125,1983,244.72531,122.5,"DAR001"
"DAR002s1",84.02394106814,302.270463533333,1983,365.29832,182.5,"DAR002"
"DAR002s2",84.02394106814,302.270463533333,1983,365.29832,182.5,"DAR002"
"DAR007s1",134.898710865562,314.71327115,1982,292.66287,146.5,"DAR007"
"DAR008s1",75.2762430939226,311.33665915,1982,327.4211,163.5,"DAR008"
"DAR008s2",75.2762430939226,311.33665915,1982,327.4211,163.5,"DAR008"
"DAR009s1",107.965009208103,315.31587902,1983,468.855,234.5,"DAR009"
"DAR009s2",107.965009208103,315.31587902,1983,468.855,234.5,"DAR009"
"DAR013s1",87.4769797421731,333.6527988,2000,404.73745,190,"DAR013"
"DAR013s2",87.4769797421731,333.6527988,2000,404.73745,190,"DAR013"
"DAR020s1",93.4622467771639,305.34617765,1983,405.74691,203,"DAR020"
"DAR020s2",93.4622467771639,305.34617765,1983,405.74691,203,"DAR020"
"ESP002s1",149.63167587477,304.343836425,1990,324.90581,162.5,"ESP002"
"ESP008s1",147.790055248619,309.5590005,1991,321.14868,160.5,"ESP008"
"ESP009s1",82.1823204419889,306.840815675,1990,357.13363,178.5,"ESP009"
"ESP009s2",82.1823204419889,306.840815675,1990,357.13363,178.5,"ESP009"
"ESP010s1",90.2394106813996,308.70266234,1989,391.81807,196,"ESP010"
"ESP010s2",90.2394106813996,308.70266234,1989,391.81807,196,"ESP010"
"ESP011s1",97.1454880294659,294.203142,1989,421.70688,211,"ESP011"
"ESP011s2",97.1454880294659,294.203142,1989,421.70688,211,"ESP011"
"ESP012s1",145.948434622468,309.2056107,1989,317.27495,158.5,"ESP012"
"ESP013s1",93.0018416206262,300.2429493,1989,202.23704,101,"ESP013"
"ESP014s1",139.042357274401,323.037505966667,1990,301.93188,151,"ESP014"
"ESP015s1",102.670349907919,306.1841553,1990,223.43607,111.5,"ESP015"
"ESP016s1",112.79926335175,315.758767175,1991,245.15601,122.5,"ESP016"
"ESP017s1",83.7937384898711,310.21270454,1992,363.70392,182,"ESP017"
"ESP017s2",83.7937384898711,310.21270454,1992,363.70392,182,"ESP017"
"ESP018s1",109.576427255985,312.412480233333,1992,238.0284,119,"ESP018"
"ESP019s1",95.3038674033149,320.16788,1992,207.13324,103.5,"ESP019"
"ESP021s1",136.740331491713,317.460575233333,1989,296.68627,148.5,"ESP021"
"ESP024s1",91.6206261510129,312.4951909,1999,320.7942,199,"ESP024"
"ESP024s2",91.6206261510129,312.4951909,1999,320.7942,199,"ESP024"
"ESP025s1",83.3333333333333,324.048090766667,1992,362.35007,181,"ESP025"
"ESP025s2",83.3333333333333,324.048090766667,1992,362.35007,181,"ESP025"
"ESP026s1",90.85328422345,306.663896816667,1992,591.66935,296,"ESP026"
"ESP026s2",90.85328422345,306.663896816667,1992,591.66935,296,"ESP026"
"ESP026s3",90.85328422345,306.663896816667,1992,591.66935,296,"ESP026"
"ESP027s1",94.8434622467772,305.14484565,1992,412.35478,206,"ESP027"
"ESP027s2",94.8434622467772,305.14484565,1992,412.35478,206,"ESP027"
"ESP028s1",119.705340699816,311.5401418,1995,274.91439,130,"ESP028"
"ESP029s1",116.022099447514,306.49934035,1995,270.17161,126,"ESP029"
"ESP030s1",109.116022099448,304.418715825,1996,394.74579,237,"ESP030"
"ESP030s2",109.116022099448,304.418715825,1996,394.74579,237,"ESP030"
"ESP031s1",86.5561694290976,316.8847402,1999,367.44243,188,"ESP031"
"ESP031s2",86.5561694290976,316.8847402,1999,367.44243,188,"ESP031"
"ESP032s1",77.1178637200737,306.82441725,1994,334.89339,167.5,"ESP032"
"ESP032s2",77.1178637200737,306.82441725,1994,334.89339,167.5,"ESP032"
"ESP033s1",90.6998158379374,309.410390325,1995,323.02148,197,"ESP033"
"ESP033s2",90.6998158379374,309.410390325,1995,323.02148,197,"ESP033"
"ESP034s1",143.646408839779,315.293585,1995,304.03291,156,"ESP034"
"ESP035s1",76.427255985267,310.860164575,1995,304.33674,166,"ESP035"
"ESP035s2",76.427255985267,310.860164575,1995,304.33674,166,"ESP035"
"ESP036s1",115.101289134438,302.8667445,1996,226.23683,125,"ESP036"
"ESP037s1",120.626151012891,305.1451527,1997,207.30093,131,"ESP037"
"GEN017s1",71.0865561694291,317.55748625,2016,340.76321,77.2,"GEN017"
"GEN019s1",140.883977900552,310.885695866667,2016,234.507,153,"GEN019"
"GRI004s1",96.6850828729282,306.3165112,2002,174.76148,105,"GRI004"
"GRI005s1",101.289134438306,326.93856465,2002,211.83284,110,"GRI005"
"GRI006s1",59.8526703499079,339.63736615,2003,195.34975,65,"GRI006"
"GRI009s1",69.060773480663,361.6503247,2003,248.44805,75,"GRI009"
"GRI012s1",75.9668508287293,341.48924385,2003,255.85771,165,"GRI012"
"GRI012s2",75.9668508287293,341.48924385,2003,255.85771,165,"GRI012"
"GRI013s1",127.07182320442,324.758359333333,2003,243.11476,138,"GRI013"
"GRI014s1",106.813996316759,303.873897,1993,232.00088,116,"GRI014"
"GRI015s1",76.427255985267,333.0227023,2002,184.76239,83,"GRI015"
"GRI016s1",71.8232044198895,348.76667685,2002,220.4476,78,"GRI016"
"GRI018s1",89.7790055248619,350.7437301,1998,245.98789,195,"GRI018"
"GRI018s2",89.7790055248619,350.7437301,1998,245.98789,195,"GRI018"
"GRI019s1",75.9668508287293,353.565863366667,1998,287.15368,165,"GRI019"
"GRI019s2",75.9668508287293,353.565863366667,1998,287.15368,165,"GRI019"
"GRI022s1",105.432780847145,345.9768434,2001,315.76945,229,"GRI022"
"GRI022s2",105.432780847145,345.9768434,2001,315.76945,229,"GRI022"
"GRI023s1",78.2688766114181,333.91228165,1999,300.02631,170,"GRI023"
"GRI023s2",78.2688766114181,333.91228165,1999,300.02631,170,"GRI023"
"GRI024s1",85.6353591160221,351.9208954,1999,311.49975,93,"GRI024"
"GRI025s1",91.1602209944751,341.43512515,2001,169.05286,99,"GRI025"
"GRI026s1",87.4769797421731,320.067894,2001,183.19565,95,"GRI026"
"HKO048s1",137.20073664825,336.1193725,2010,293.71897,149,"HKO048"
"HKO051s1",80.5709023941068,347.0278569,2011,311.61834,175,"HKO051"
"HKO051s2",80.5709023941068,347.0278569,2011,311.61834,175,"HKO051"
"HKO053s1",118.78453038674,345.9808271,2011,266.90365,129,"HKO053"
"HKO055s1",115.101289134438,345.906529,2011,231.84763,125,"HKO055"
"HKO065s1",122.007366482505,366.22803135,2014,358.69964,265,"HKO065"
"HKO065s2",122.007366482505,366.22803135,2014,358.69964,265,"HKO065"
"HKO067s1",89.7790055248619,336.85232785,2012,304.80585,195,"HKO067"
"HKO067s2",89.7790055248619,336.85232785,2012,304.80585,195,"HKO067"
"HKO068s1",109.116022099448,328.75269298,2012,392.49097,237,"HKO068"
"HKO068s2",109.116022099448,328.75269298,2012,392.49097,237,"HKO068"
"HKO069s1",94.0454266421117,352.22620554,2015,454.90783,306.4,"HKO069"
"HKO069s2",94.0454266421117,352.22620554,2015,454.90783,306.4,"HKO069"
"HKO069s3",94.0454266421117,352.22620554,2015,454.90783,306.4,"HKO069"
"HKO070s1",95.3038674033149,346.185918075,2015,306.19474,207,"HKO070"
"HKO070s2",95.3038674033149,346.185918075,2015,306.19474,207,"HKO070"
"HKO071s1",103.130755064457,368.420583333333,2015,325.54855,224,"HKO071"
"HKO071s2",103.130755064457,368.420583333333,2015,325.54855,224,"HKO071"
"HKO072s1",88.8581952117864,342.9757482,2015,300.19753,193,"HKO072"
"HKO072s2",88.8581952117864,342.9757482,2015,300.19753,193,"HKO072"
"HKO073s1",143.646408839779,363.432698766667,2015,294.30667,156,"HKO073"
"HKO087s1",91.1602209944751,338.2361733,2016,277.47022,99,"HKO087"
"HKO088s1",93.9226519337017,353.443978233333,2016,281.45187,102,"HKO088"
"HKO090s1",81.9521178637201,318.35015635,2015,341.42855,178,"HKO090"
"HKO090s2",81.9521178637201,318.35015635,2015,341.42855,178,"HKO090"
"HKO091s1",76.8876611418048,359.94375775,2015,267.1222,167,"HKO091"
"HKO091s2",76.8876611418048,359.94375775,2015,267.1222,167,"HKO091"
"HKO092s1",76.427255985267,348.88274815,2015,313.62901,166,"HKO092"
"HKO092s2",76.427255985267,348.88274815,2015,313.62901,166,"HKO092"
"HKO094s1",104.51197053407,358.07627065,2016,304.50077,227,"HKO094"
"HKO094s2",104.51197053407,358.07627065,2016,304.50077,227,"HKO094"
"KAP031s1",89.3186003683241,336.69943528,2013,451.4647,194,"KAP031"
"KAP031s2",89.3186003683241,336.69943528,2013,451.4647,194,"KAP031"
"KAP032s1",88.3977900552486,354.985802825,2013,319.39893,192,"KAP032"
"KAP032s2",88.3977900552486,354.985802825,2013,319.39893,192,"KAP032"
"KAP033s1",81.4917127071823,344.2169497,2012,302.28587,177,"KAP033"
"KAP033s2",81.4917127071823,344.2169497,2012,302.28587,177,"KAP033"
"KAP036s1",86.2492326580724,345.76949274,2012,487.58253,281,"KAP036"
"KAP036s2",86.2492326580724,345.76949274,2012,487.58253,281,"KAP036"
"KAP036s3",86.2492326580724,345.76949274,2012,487.58253,281,"KAP036"
"MAG012s1",110.497237569061,274.98491385,1999,184.74864,120,"MAG012"
"MAG018s1",92.0810313075506,296.0101978,1999,172.48488,100,"MAG018"
"MAG028s1",91.1602209944751,275.1611331,1980,197.8186,99,"MAG028"
"MAG029s1",87.9373848987109,280.25021335,1980,191.4312,95.5,"MAG029"
"MAG030s1",106.813996316759,283.4642169,1980,231.99456,116,"MAG030"
"MAG033s1",138.121546961326,299.269203,2000,215.83218,150,"MAG033"
"MAG036s1",87.4769797421731,308.469626,2000,130.48464,95,"MAG036"
"MAG038s1",75.5064456721915,308.123938,2005,138.58319,82,"MAG038"
"MAG039s1",92.0810313075506,303.54336035,2004,184.08806,100,"MAG039"
"MAG040s1",90.2394106813996,304.92482485,2005,170.19291,98,"MAG040"
"MAI001s1",110.036832412523,311.43820538,1988,478.49767,239,"MAI001"
"MAI001s2",110.036832412523,311.43820538,1988,478.49767,239,"MAI001"
"MAI002s1",80.5709023941068,287.5946458,1988,349.88545,175,"MAI002"
"MAI002s2",80.5709023941068,287.5946458,1988,349.88545,175,"MAI002"
"MAI003s1",105.202578268877,290.21913215,1988,457.33434,228.5,"MAI003"
"MAI003s2",105.202578268877,290.21913215,1988,457.33434,228.5,"MAI003"
"MAI004s1",116.482504604052,289.1786025,1988,253.03126,126.5,"MAI004"
"MAI005s1",113.489871086556,310.25154788,1989,493.08987,246.5,"MAI005"
"MAI005s2",113.489871086556,310.25154788,1989,493.08987,246.5,"MAI005"
"MAI006s1",89.0883977900553,298.20516474,1990,386.92393,193.5,"MAI006"
"MAI006s2",89.0883977900553,298.20516474,1990,386.92393,193.5,"MAI006"
"MAI007s1",86.5561694290976,310.8530268,1989,376.184,188,"MAI007"
"MAI007s2",86.5561694290976,310.8530268,1989,376.184,188,"MAI007"
"MAI010s1",79.4198895027624,307.370157333333,1990,344.52894,172.5,"MAI010"
"MAI010s2",79.4198895027624,307.370157333333,1990,344.52894,172.5,"MAI010"
"MAI011s1",99.6777163904236,308.251035275,1994,433.05847,216.5,"MAI011"
"MAI011s2",99.6777163904236,308.251035275,1994,433.05847,216.5,"MAI011"
"MAI013s1",60.036832412523,308.71945606,2017,464.64951,65.2,"MAI013"
"MAM003s1",87.707182320442,254.204114175,1993,380.73636,190.5,"MAM003"
"MAM003s2",87.707182320442,254.204114175,1993,380.73636,190.5,"MAM003"
"MAM004s1",142.265193370166,259.68984635,1994,309.16598,154.5,"MAM004"
"MAM005s1",94.6132596685083,249.994456066667,1994,410.65929,205.5,"MAM005"
"MAM005s2",94.6132596685083,249.994456066667,1994,410.65929,205.5,"MAM005"
"MAM007s1",101.058931860037,261.07371965,1994,439.30504,219.5,"MAM007"
"MAM007s2",101.058931860037,261.07371965,1994,439.30504,219.5,"MAM007"
"MAM009s1",87.9373848987109,282.10337154,1994,382.17049,191,"MAM009"
"MAM009s2",87.9373848987109,282.10337154,1994,382.17049,191,"MAM009"
"MAM011s1",107.274401473296,311.712593466667,1994,466.44571,233,"MAM011"
"MAM011s2",107.274401473296,311.712593466667,1994,466.44571,233,"MAM011"
"MAN058s1",116.942909760589,351.7373978,2014,293.6659,254,"MAN058"
"MAN058s2",116.942909760589,351.7373978,2014,293.6659,254,"MAN058"
"MAN059s1",93.0018416206262,336.320901433333,2012,303.74585,202,"MAN059"
"MAN059s2",93.0018416206262,336.320901433333,2012,303.74585,202,"MAN059"
"MAN060s1",97.6058931860037,334.122965,2015,412.54182,212,"MAN060"
"MAN060s2",97.6058931860037,334.122965,2015,412.54182,212,"MAN060"
"MAN061s1",84.4076120319214,341.19468786,2015,484.87835,275,"MAN061"
"MAN061s2",84.4076120319214,341.19468786,2015,484.87835,275,"MAN061"
"MAN061s3",84.4076120319214,341.19468786,2015,484.87835,275,"MAN061"
"MAN062s1",99.1405770411295,327.209104333333,2014,383.50337,323,"MAN062"
"MAN062s2",99.1405770411295,327.209104333333,2014,383.50337,323,"MAN062"
"MAN062s3",99.1405770411295,327.209104333333,2014,383.50337,323,"MAN062"
"MAN063s1",100.36832412523,339.8584754,2014,474.43472,327,"MAN063"
"MAN063s2",100.36832412523,339.8584754,2014,474.43472,327,"MAN063"
"MAN063s3",100.36832412523,339.8584754,2014,474.43472,327,"MAN063"
"MAR010s1",70.902394106814,300.6302673,1990,153.78831,77,"MAR010"
"MAR013s1",117.863720073665,311.511671,1987,255.73835,128,"MAR013"
"MAR014s1",87.0165745856354,358.8616943,1987,188.69033,94.5,"MAR014"
"MAR015s1",97.6058931860037,328.256859533333,1987,211.85874,106,"MAR015"
"MAR016s1",119.705340699816,337.4183512,1996,192.95106,130,"MAR016"
"MAR017s1",93.4622467771639,312.453371333333,1986,202.52233,101.5,"MAR017"
"MAR018s1",61.6942909760589,355.67974215,1986,134.40329,67,"MAR018"
"MAR019s1",90.2394106813996,341.037976014286,1990,196.399,98,"MAR019"
"MAR020s1",99.9079189686924,346.203685133333,1989,216.67587,108.5,"MAR020"
"MAR021s1",72.2836095764273,358.0342153,1989,157.3126,78.5,"MAR021"
"MAR022s1",75.5064456721915,330.6003127,2002,145.21877,82,"MAR022"
"MAR023s1",100.36832412523,322.018152466667,2002,251.99195,109,"MAR023"
"MAR024s1",69.9815837937385,331.7397287,2001,97.88998,76,"MAR024"
"MAR025s1",121.546961325967,307.8272948,2001,192.01366,132,"MAR025"
"MAR026s1",64.9171270718232,330.19277385,1987,140.62344,70.5,"MAR026"
"MAR027s1",105.893186003683,334.363066,1987,230.09206,115,"MAR027"
"MAR028s1",89.7790055248619,326.5840152,1987,194.8377,97.5,"MAR028"
"MAR029s1",93.0018416206262,322.2686703,1997,186.67485,101,"MAR029"
"MAR030s1",81.9521178637201,327.427797,1993,177.64292,89,"MAR030"
"MAR031s1",78.7292817679558,319.3345657,1993,171.49224,85.5,"MAR031"
"MAR032s1",77.3480662983425,305.2497353,1992,167.70784,84,"MAR032"
"MAR034s1",116.942909760589,311.9128609,1987,254.42415,127,"MAR034"
"MAR038s1",89.7790055248619,303.694135,1993,194.89591,97.5,"MAR038"
"MAR039s1",124.309392265193,345.72883535,1997,213.76506,135,"MAR039"
"MAR041s1",115.101289134438,333.948508766667,1997,240.8892,125,"MAR041"
"MAR047s1",116.942909760589,340.280768866667,2000,192.81563,127,"MAR047"
"MAR049s1",97.6058931860037,342.8344408,2001,240.73087,106,"MAR049"
"MAR050s1",109.576427255985,336.2794163,2002,193.03204,119,"MAR050"
"MAR051s1",82.8729281767956,310.2675987,2002,167.41147,90,"MAR051"
"MAR057s1",115.101289134438,308.7971998,1998,197.09853,125,"MAR057"
"MAR059s1",97.6058931860037,298.7097843,2009,183.32025,106,"MAR059"
"MAR061s1",104.972375690608,310.67377935,2007,161.68086,114,"MAR061"
"MAR064s1",105.893186003683,319.90796555,2003,177.20709,115,"MAR064"
"MAR065s1",101.289134438306,348.116104,2002,146.96025,110,"MAR065"
"MAR066s1",113.259668508287,337.389959966667,2001,190.93491,123,"MAR066"
"MAR072s1",95.7642725598527,297.8814468,2005,179.17993,104,"MAR072"
"MAR080s1",133.517495395948,343.19235285,2003,188.68647,145,"MAR080"
"MAR085s1",124.309392265193,312.57837915,2003,207.84088,135,"MAR085"
"MAR086s1",64.4567219152855,338.854265,2005,107.60909,70,"MAR086"
"MAR087s1",141.804788213628,375.38339185,2005,222.23733,154,"MAR087"
"MAW746s1",75.5064456721915,341.37612,2016,267.18927,164,"MAW746"
"MAW746s2",75.5064456721915,341.37612,2016,267.18927,164,"MAW746"
"MAW748s1",60.7734806629834,333.0887075,2015,82.32129,66,"MAW748"
"MAW750s1",79.1896869244936,335.972089,2015,105.82099,86,"MAW750"
"MAW752s1",104.972375690608,335.17602065,2015,159.53465,114,"MAW752"
"MAW753s1",72.744014732965,337.2290447,2015,118.59545,79,"MAW753"
"MAW756s1",92.0810313075506,361.15635885,2017,157.8014,100,"MAW756"
"MTO002s1",93.9226519337017,340.615751175,1998,267.82074,102,"MTO002"
"MTO003s1",104.972375690608,356.927771433333,1996,293.1412,114,"MTO003"
"MTO004s1",76.8876611418048,366.53042885,1996,283.64288,167,"MTO004"
"MTO004s2",76.8876611418048,366.53042885,1996,283.64288,167,"MTO004"
"MTO005s1",137.20073664825,318.302455233333,1999,214.57969,149,"MTO005"
"MTO006s1",108.195211786372,333.9653521,1999,317.9805,235,"MTO006"
"MTO006s2",108.195211786372,333.9653521,1999,317.9805,235,"MTO006"
"MTO007s1",90.2394106813996,354.525350466667,2001,314.12578,196,"MTO007"
"MTO007s2",90.2394106813996,354.525350466667,2001,314.12578,196,"MTO007"
"MTO008s1",98.5267034990792,353.54433748,2001,307.75352,214,"MTO008"
"MTO008s2",98.5267034990792,353.54433748,2001,307.75352,214,"MTO008"
"MTO011s1",115.101289134438,348.30650235,1999,342.54848,250,"MTO011"
"MTO011s2",115.101289134438,348.30650235,1999,342.54848,250,"MTO011"
"MTO013s1",128.913443830571,325.432967433333,2001,287.24793,140,"MTO013"
"MTO015s1",79.1896869244936,339.08736,1999,303.35189,172,"MTO015"
"MTO015s2",79.1896869244936,339.08736,1999,303.35189,172,"MTO015"
"MTO016s1",100.36832412523,338.581398333333,1998,315.00779,218,"MTO016"
"MTO016s2",100.36832412523,338.581398333333,1998,315.00779,218,"MTO016"
"MTO022s1",86.5561694290976,340.92991975,2002,439.52911,188,"MTO022"
"MTO022s2",86.5561694290976,340.92991975,2002,439.52911,188,"MTO022"
"MTO027s1",108.65561694291,364.139691,2002,238.6991,118,"MTO027"
"ORG001s1",103.591160220994,270.37113465,1988,225.34174,112.5,"ORG001"
"ORG002s1",86.3259668508287,308.156206925,1988,375.34407,187.5,"ORG002"
"ORG002s2",86.3259668508287,308.156206925,1988,375.34407,187.5,"ORG002"
"ORG003s1",108.425414364641,286.348763325,1986,470.53794,235.5,"ORG003"
"ORG003s2",108.425414364641,286.348763325,1986,470.53794,235.5,"ORG003"
"ORG004s1",128.453038674033,265.321366233333,1988,279.18314,139.5,"ORG004"
"ORG005s1",144.567219152855,270.217783566667,1986,313.66229,157,"ORG005"
"ORG006s1",84.7145488029466,264.63990125,1986,368.45613,184,"ORG006"
"ORG006s2",84.7145488029466,264.63990125,1986,368.45613,184,"ORG006"
"ORG007s1",110.497237569061,253.50534526,1986,479.89866,240,"ORG007"
"ORG007s2",110.497237569061,253.50534526,1986,479.89866,240,"ORG007"
"ORG008s1",78.2688766114181,272.373305666667,1991,340.01763,170,"ORG008"
"ORG008s2",78.2688766114181,272.373305666667,1991,340.01763,170,"ORG008"
"ORG009s1",145.948434622468,307.847787,1991,317.47619,158.5,"ORG009"
"ORG010s1",81.4917127071823,277.238809366667,1991,354.22138,177,"ORG010"
"ORG010s2",81.4917127071823,277.238809366667,1991,354.22138,177,"ORG010"
"ORG011s1",92.3112338858195,259.30944632,1990,400.54205,200.5,"ORG011"
"ORG011s2",92.3112338858195,259.30944632,1990,400.54205,200.5,"ORG011"
"ORG012s1",106.58379373849,256.08189094,1987,462.64822,231.5,"ORG012"
"ORG012s2",106.58379373849,256.08189094,1987,462.64822,231.5,"ORG012"
"ORG013s1",125.230202578269,271.0687745,1990,272.33732,136,"ORG013"
"ORG014s1",87.9373848987109,267.42339414,1987,382.42848,191,"ORG014"
"ORG014s2",87.9373848987109,267.42339414,1987,382.42848,191,"ORG014"
"ORG015s1",145.948434622468,269.512447533333,1987,317.38587,158.5,"ORG015"
"ORG017s1",100.828729281768,261.96774535,1991,219.37855,109.5,"ORG017"
"ORG018s1",83.5635359116022,284.10167532,1991,362.78907,181.5,"ORG018"
"ORG018s2",83.5635359116022,284.10167532,1991,362.78907,181.5,"ORG018"
"ORG019s1",82.6427255985267,327.2742655,1991,358.82971,179.5,"ORG019"
"ORG019s2",82.6427255985267,327.2742655,1991,358.82971,179.5,"ORG019"
"ORG020s1",140.883977900552,331.346383766667,1992,306.39163,153,"ORG020"
"ORG021s1",122.007366482505,322.2771155,1988,264.57128,132.5,"ORG021"
"ORG022s1",86.7863720073665,317.168892,1987,376.72259,188.5,"ORG022"
"ORG022s2",86.7863720073665,317.168892,1987,376.72259,188.5,"ORG022"
"ORG023s1",119.705340699816,311.01765085,1987,260.18661,130,"ORG023"
"ORG024s1",89.7790055248619,311.346248433333,1998,332.62616,195,"ORG024"
"ORG024s2",89.7790055248619,311.346248433333,1998,332.62616,195,"ORG024"
"ORG025s1",122.007366482505,326.337605325,1998,397.14776,265,"ORG025"
"ORG025s2",122.007366482505,326.337605325,1998,397.14776,265,"ORG025"
"ORG026s1",87.0165745856354,323.3808572,1988,377.91177,189,"ORG026"
"ORG026s2",87.0165745856354,323.3808572,1988,377.91177,189,"ORG026"
"ORG027s1",116.022099447514,330.2255516,1996,432.78725,252,"ORG027"
"ORG027s2",116.022099447514,330.2255516,1996,432.78725,252,"ORG027"
"ORG028s1",105.432780847145,329.080761233333,1996,336.93222,229,"ORG028"
"ORG028s2",105.432780847145,329.080761233333,1996,336.93222,229,"ORG028"
"ORG030s1",117.403314917127,278.329996325,1998,340.12238,255,"ORG030"
"ORG030s2",117.403314917127,278.329996325,1998,340.12238,255,"ORG030"
"ORG035s1",78.7292817679558,269.3969083,1987,171.24704,85.5,"ORG035"
"PAI045s1",143.646408839779,347.3307733,2008,229.78197,156,"PAI045"
"PAI047s1",76.8876611418048,340.01063835,2006,266.45102,167,"PAI047"
"PAI047s2",76.8876611418048,340.01063835,2006,266.45102,167,"PAI047"
"PAI049s1",98.5267034990792,358.79168665,2006,199.52678,107,"PAI049"
"PAI074s1",76.427255985267,351.1549955,2012,330.76137,166,"PAI074"
"PAI074s2",76.427255985267,351.1549955,2012,330.76137,166,"PAI074"
"PAI078s1",141.804788213628,336.798005433333,2010,287.76456,154,"PAI078"
"PAI080s1",112.338858195212,343.138540333333,2006,215.90434,122,"PAI080"
"PAI082s1",92.0810313075506,319.11648385,2014,303.21923,200,"PAI082"
"PAI082s2",92.0810313075506,319.11648385,2014,303.21923,200,"PAI082"
"PAI083s1",120.165745856354,345.976655966667,2010,406.02946,261,"PAI083"
"PAI083s2",120.165745856354,345.976655966667,2010,406.02946,261,"PAI083"
"PAT004s1",95.3038674033149,322.904107771429,1996,515.64717,207,"PAT004"
"PAT004s2",95.3038674033149,322.904107771429,1996,515.64717,207,"PAT004"
"PAT005s1",88.3977900552486,322.714618333333,1996,376.16297,192,"PAT005"
"PAT005s2",88.3977900552486,322.714618333333,1996,376.16297,192,"PAT005"
"PAT006s1",149.171270718232,306.3783153,1997,310.74914,162,"PAT006"
"PAT007s1",98.5267034990792,297.635528366667,1997,293.90379,107,"PAT007"
"PAT010s1",124.309392265193,323.44588015,1993,269.74719,135,"PAT010"
"PAT011s1",110.497237569061,312.161648,1998,256.65252,120,"PAT011"
"PAT012s1",149.171270718232,311.539478725,1997,279.8704,162,"PAT012"
"PAT013s1",83.3333333333333,316.811349325,1995,306.32306,181,"PAT013"
"PAT013s2",83.3333333333333,316.811349325,1995,306.32306,181,"PAT013"
"PAT014s1",101.749539594843,320.5303625,1995,501.08201,221,"PAT014"
"PAT014s2",101.749539594843,320.5303625,1995,501.08201,221,"PAT014"
"PAT015s1",122.467771639042,322.7934642,1995,277.42426,133,"PAT015"
"PAT018s1",96.6850828729282,324.8450065,1999,234.59311,105,"PAT018"
"PAT019s1",59.8526703499079,310.229885233333,1999,237.24761,65,"PAT019"
"PAT022s1",122.007366482505,320.906399,1994,264.63159,132.5,"PAT022"
"PAT023s1",128.913443830571,313.47721715,1998,290.48364,140,"PAT023"
"PLA001s1",65.8379373848987,362.772906,1987,142.82172,71.5,"PLA001"
"PLA002s1",61.6942909760589,347.3476804,1981,133.74856,67,"PLA002"
"PLA003s1",127.992633517495,333.810013133333,1981,278.29094,139,"PLA003"
"PLA004s1",83.3333333333333,310.2514497,1981,181.13947,90.5,"PLA004"
"PLA005s1",95.7642725598527,310.5889617,1982,208.05533,104,"PLA005"
"PLA006s1",117.863720073665,317.2850375,1988,255.59745,128,"PLA006"
"PLA007s1",107.734806629834,323.7347252,1987,233.8659,117,"PLA007"
"PLA008s1",98.5267034990792,314.5108283,1982,214.27507,107,"PLA008"
"PLA009s1",121.546961325967,305.187828766667,1982,263.62126,132,"PLA009"
"PLA010s1",95.073664825046,300.08859846,1988,413.43492,206.5,"PLA010"
"PLA010s2",95.073664825046,300.08859846,1988,413.43492,206.5,"PLA010"
"PLA011s1",139.963167587477,307.552255425,1988,304.35103,152,"PLA011"
"PLA012s1",122.92817679558,303.8292117,1988,266.66154,133.5,"PLA012"
"PLA014s1",75.9668508287293,313.964432866667,1999,272.26946,165,"PLA014"
"PLA014s2",75.9668508287293,313.964432866667,1999,272.26946,165,"PLA014"
"PLA017s1",119.705340699816,348.9600435,1999,244.46491,130,"PLA017"
"PLA018s1",130.755064456722,302.177407325,1983,283.92216,142,"PLA018"
"PLA019s1",127.992633517495,308.3370741,1983,277.57998,139,"PLA019"
"PLA020s1",81.4917127071823,317.3795181,1983,354.08264,177,"PLA020"
"PLA020s2",81.4917127071823,317.3795181,1983,354.08264,177,"PLA020"
"PLA021s1",127.07182320442,331.874882233333,2001,282.89449,138,"PLA021"
"PLA023s1",122.467771639042,339.449281333333,2002,305.07078,133,"PLA023"
"PLA029s1",132.596685082873,340.305585533333,2004,335.44249,144,"PLA029"
"POR002s1",87.0165745856354,279.7912403,1988,566.96446,283.5,"POR002"
"POR002s2",87.0165745856354,279.7912403,1988,566.96446,283.5,"POR002"
"POR002s3",87.0165745856354,279.7912403,1988,566.96446,283.5,"POR002"
"POR004s1",104.281767955801,290.57889762,1984,452.65602,226.5,"POR004"
"POR004s2",104.281767955801,290.57889762,1984,452.65602,226.5,"POR004"
"POR005s1",134.438305709024,292.1946901,1984,292.1733,146,"POR005"
"POR007s1",99.9079189686924,303.12907914,1989,433.96124,217,"POR007"
"POR007s2",99.9079189686924,303.12907914,1989,433.96124,217,"POR007"
"POR008s1",96.4548802946593,291.396077325,1987,419.12898,209.5,"POR008"
"POR008s2",96.4548802946593,291.396077325,1987,419.12898,209.5,"POR008"
"POR009s1",81.4917127071823,309.980311133333,1988,354.09532,177,"POR009"
"POR009s2",81.4917127071823,309.980311133333,1988,354.09532,177,"POR009"
"POR010s1",81.0313075506446,301.39658265,1989,351.8473,176,"POR010"
"POR010s2",81.0313075506446,301.39658265,1989,351.8473,176,"POR010"
"POR011s1",143.646408839779,307.91405115,1989,311.63008,156,"POR011"
"POR012s1",77.3480662983425,309.469876575,1998,361.77097,168,"POR012"
"POR012s2",77.3480662983425,309.469876575,1998,361.77097,168,"POR012"
"POR013s1",126.151012891344,309.360840666667,1990,273.95951,137,"POR013"
"POR014s1",75.0460405156538,316.068063866667,1990,326.19165,163,"POR014"
"POR014s2",75.0460405156538,316.068063866667,1990,326.19165,163,"POR014"
"POR018s1",115.561694290976,298.318548114286,1998,525.33067,251,"POR018"
"POR018s2",115.561694290976,298.318548114286,1998,525.33067,251,"POR018"
"POR019s1",80.1104972375691,301.325549633333,1985,348.2982,174,"POR019"
"POR019s2",80.1104972375691,301.325549633333,1985,348.2982,174,"POR019"
"POR020s1",132.136279926335,304.920154333333,1988,287.43179,143.5,"POR020"
"POR021s1",149.171270718232,302.713331766667,1983,323.94006,162,"POR021"
"POR022s1",146.869244935543,296.77937135,1982,318.94564,159.5,"POR022"
"POR023s1",92.0810313075506,296.13557554,1985,399.73159,200,"POR023"
"POR023s2",92.0810313075506,296.13557554,1985,399.73159,200,"POR023"
"POR024s1",104.051565377532,305.2462305,1982,451.67943,226,"POR024"
"POR024s2",104.051565377532,305.2462305,1982,451.67943,226,"POR024"
"POR025s1",87.707182320442,301.49150625,1981,381.07181,190.5,"POR025"
"POR025s2",87.707182320442,301.49150625,1981,381.07181,190.5,"POR025"
"POR026s1",89.3186003683241,311.039176575,1981,388.32926,194,"POR026"
"POR026s2",89.3186003683241,311.039176575,1981,388.32926,194,"POR026"
"POR027s1",87.4769797421731,304.232368,1983,570.38582,285,"POR027"
"POR027s2",87.4769797421731,304.232368,1983,570.38582,285,"POR027"
"POR027s3",87.4769797421731,304.232368,1983,570.38582,285,"POR027"
"POR028s1",89.0883977900553,279.62199508,1984,386.63733,193.5,"POR028"
"POR028s2",89.0883977900553,279.62199508,1984,386.63733,193.5,"POR028"
"RAP226s1",139.042357274401,335.35440875,2017,345.10451,151,"RAP226"
"RAP232s1",141.804788213628,320.6562467,2017,278.92532,154,"RAP232"
"RAP233s1",87.9373848987109,323.446682825,2017,289.15954,191,"RAP233"
"RAP233s2",87.9373848987109,323.446682825,2017,289.15954,191,"RAP233"
"RFE010s1",145.48802946593,324.562827175,2005,383.22188,158,"RFE010"
"RFE013s1",111.878453038674,320.914930666667,2017,307.54855,243,"RFE013"
"RFE013s2",111.878453038674,320.914930666667,2017,307.54855,243,"RFE013"
"RFE018s1",104.051565377532,308.600256466667,2011,400.04607,226,"RFE018"
"RFE018s2",104.051565377532,308.600256466667,2011,400.04607,226,"RFE018"
"RFE019s1",99.9079189686924,341.489333333333,2011,362.26647,217,"RFE019"
"RFE019s2",99.9079189686924,341.489333333333,2011,362.26647,217,"RFE019"
"RFE024s1",79.6500920810313,340.3642478,2004,276.99774,173,"RFE024"
"RFE024s2",79.6500920810313,340.3642478,2004,276.99774,173,"RFE024"
"RFE028s1",128.913443830571,321.13618285,2006,371.84227,140,"RFE028"
"RFE037s1",127.07182320442,304.73569465,2007,222.14029,138,"RFE037"
"RFE038s1",118.78453038674,326.71231225,2010,443.90002,258,"RFE038"
"RFE038s2",118.78453038674,326.71231225,2010,443.90002,258,"RFE038"
"RFE040s1",101.289134438306,344.14472865,2006,311.42964,110,"RFE040"
"RFE041s1",80.1104972375691,344.812466433333,2015,344.32827,174,"RFE041"
"RFE041s2",80.1104972375691,344.812466433333,2015,344.32827,174,"RFE041"
"RFE042s1",76.8876611418048,322.01546585,2004,238.53245,167,"RFE042"
"RFE042s2",76.8876611418048,322.01546585,2004,238.53245,167,"RFE042"
"RFE043s1",81.9521178637201,337.080282133333,2010,265.6516,178,"RFE043"
"RFE043s2",81.9521178637201,337.080282133333,2010,265.6516,178,"RFE043"
"RFE048s1",117.863720073665,327.811757,2008,226.05508,128,"RFE048"
"RFE051s1",84.2541436464088,331.2739707,2007,243.96831,183,"RFE051"
"RFE051s2",84.2541436464088,331.2739707,2007,243.96831,183,"RFE051"
"RFE061s1",148.250460405157,326.8400849,2016,266.98368,161,"RFE061"
"RFE072s1",60.7734806629834,331.6650547,2017,337.98042,66,"RFE072"
"RFE076s1",103.130755064457,362.902218466667,2009,290.87245,224,"RFE076"
"RFE076s2",103.130755064457,362.902218466667,2009,290.87245,224,"RFE076"
"RFE080s1",128.913443830571,323.335992025,2012,268.1879,140,"RFE080"
"RIS001s1",72.2836095764273,314.30514065,1981,157.25431,78.5,"RIS001"
"RIS002s1",65.8379373848987,273.1455608,1981,142.63887,71.5,"RIS002"
"RIS003s1",71.3627992633517,273.3015245,1981,154.66571,77.5,"RIS003"
"RIS004s1",65.377532228361,276.661678,1982,142.02623,71,"RIS004"
"RIS005s1",72.744014732965,269.119471,1982,157.65238,79,"RIS005"
"RIS006s1",65.8379373848987,276.621321433333,1982,143.07567,71.5,"RIS006"
"RIS007s1",70.902394106814,269.639832716667,1982,153.63926,77,"RIS007"
"RIS008s1",69.9815837937385,263.825827,1983,152.27511,76,"RIS008"
"RIS009s1",64.4567219152855,265.1749977,1983,140.4055,70,"RIS009"
"RIS010s1",72.744014732965,265.558687,1983,157.51752,79,"RIS010"
"RIS012s1",73.2044198895028,276.058709,1980,158.77325,79.5,"RIS012"
"RIS013s1",66.2983425414365,288.397914,1980,143.76523,72,"RIS013"
"RIS014s1",69.060773480663,272.909665,1980,149.83747,75,"RIS014"
"RIS015s1",78.7292817679558,282.33289265,1980,170.99125,85.5,"RIS015"
"RIS017s1",83.7937384898711,275.69391165,1979,182.30004,91,"RIS017"
"RIS018s1",69.060773480663,282.1433297,1979,150.06027,75,"RIS018"
"RIS019s1",71.3627992633517,324.18866915,1978,155.11677,77.5,"RIS019"
"RIS020s1",63.5359116022099,308.8741407,1979,138.13587,69,"RIS020"
"RIS021s1",79.1896869244936,322.109726,1979,171.91793,86,"RIS021"
"RIS022s1",77.3480662983425,321.9041747,1978,168.40943,84,"RIS022"
"RIS023s1",63.0755064456722,272.667083133333,1978,136.55185,68.5,"RIS023"
"RIS024s1",104.051565377532,290.08975365,1978,225.65479,113,"RIS024"
"RIS025s1",74.1252302025783,276.63878,1979,160.95004,80.5,"RIS025"
"RIS026s1",70.902394106814,275.0034841,1979,154.43956,77,"RIS026"
"RIS027s1",90.2394106813996,270.3331793,1979,196.05292,98,"RIS027"
"RIS028s1",65.8379373848987,323.8039147,1979,142.68283,71.5,"RIS028"
"RIS029s1",71.8232044198895,333.2228663,1978,155.85774,78,"RIS029"
"RIS030s1",92.5414364640884,267.370291233333,1978,201.40079,100.5,"RIS030"
"RIS031s1",106.813996316759,311.219581566667,1978,232.07626,116,"RIS031"
"RIS032s1",92.0810313075506,310.4848533,1978,200.35638,100,"RIS032"
"RIS033s1",102.209944751381,308.022368566667,1978,222.35508,111,"RIS033"
"RIS035s1",140.423572744015,323.557405466667,1983,305.49966,152.5,"RIS035"
"RIS041s1",110.957642725599,272.5735079,1983,241.23126,120.5,"RIS041"
"RIS042s1",99.4475138121547,267.0060805,1980,216.21117,108,"RIS042"
"RIS043s1",60.7734806629834,265.5570213,1981,131.68148,66,"RIS043"
"RIS044s1",132.596685082873,295.2621757,1981,287.92631,144,"RIS044"
"RIS045s1",149.171270718232,304.459444466667,1981,323.99552,162,"RIS045"
"SAB002s1",87.9373848987109,322.967361,1995,233.92056,191,"SAB002"
"SAB002s2",87.9373848987109,322.967361,1995,233.92056,191,"SAB002"
"SAB003s1",123.848987108656,303.44085935,1982,269.01034,134.5,"SAB003"
"SAB004s1",87.2467771639042,304.444439,1991,378.5698,189.5,"SAB004"
"SAB004s2",87.2467771639042,304.444439,1991,378.5698,189.5,"SAB004"
"SAB006s1",86.0957642725598,302.734656533333,1985,373.95088,187,"SAB006"
"SAB006s2",86.0957642725598,302.734656533333,1985,373.95088,187,"SAB006"
"SAB007s1",144.106813996317,293.955780925,1989,312.9598,156.5,"SAB007"
"SAB008s1",68.6003683241252,299.3240833,1984,148.63859,74.5,"SAB008"
"SAB009s1",81.0313075506446,295.6768992,1988,351.70623,176,"SAB009"
"SAB009s2",81.0313075506446,295.6768992,1988,351.70623,176,"SAB009"
"SAB011s1",81.7219152854512,292.06869498,1992,355.25137,177.5,"SAB011"
"SAB011s2",81.7219152854512,292.06869498,1992,355.25137,177.5,"SAB011"
"SAB013s1",82.8729281767956,290.10644885,1986,179.68061,90,"SAB013"
"SAB014s1",81.7219152854512,308.32840382,1987,354.95801,177.5,"SAB014"
"SAB014s2",81.7219152854512,308.32840382,1987,354.95801,177.5,"SAB014"
"SAB015s1",88.8581952117864,286.35096315,1991,192.95759,96.5,"SAB015"
"SAB016s1",134.438305709024,301.51192875,1990,292.42474,146,"SAB016"
"SAB017s1",89.548802946593,297.15766772,1989,388.93533,194.5,"SAB017"
"SAB017s2",89.548802946593,297.15766772,1989,388.93533,194.5,"SAB017"
"SAB018s1",145.48802946593,301.577410566667,1992,315.57866,158,"SAB018"
"SAB021s1",84.02394106814,295.2524643,1992,365.12715,182.5,"SAB021"
"SAB021s2",84.02394106814,295.2524643,1992,365.12715,182.5,"SAB021"
"SAB023s1",83.7937384898711,288.43639434,2002,389.47622,182,"SAB023"
"SAB023s2",83.7937384898711,288.43639434,2002,389.47622,182,"SAB023"
"SMO147s1",91.1602209944751,359.695733325,2017,371.84365,198,"SMO147"
"SMO147s2",91.1602209944751,359.695733325,2017,371.84365,198,"SMO147"
"SMO148s1",98.5267034990792,346.5060811,2017,393.66816,214,"SMO148"
"SMO148s2",98.5267034990792,346.5060811,2017,393.66816,214,"SMO148"
"STA001s1",145.027624309392,287.314035433333,1978,314.53449,157.5,"STA001"
"STA002s1",108.195211786372,270.865226433333,1978,234.54633,117.5,"STA002"
"STA003s1",122.467771639042,271.646444666667,1978,266.00819,133,"STA003"
"STA004s1",103.130755064457,272.78971815,1978,224.16658,112,"STA004"
"STA005s1",106.813996316759,310.193968,1978,464.07645,232,"STA005"
"STA005s2",106.813996316759,310.193968,1978,464.07645,232,"STA005"
"STA006s1",93.4622467771639,286.6910032,1978,406.47075,203,"STA006"
"STA006s2",93.4622467771639,286.6910032,1978,406.47075,203,"STA006"
"STA007s1",114.640883977901,266.4573545,1978,249.4836,124.5,"STA007"
"STA009s1",103.130755064457,300.95531882,1979,447.589,224,"STA009"
"STA009s2",103.130755064457,300.95531882,1979,447.589,224,"STA009"
"STA010s1",118.78453038674,310.386043566667,1979,258.43804,129,"STA010"
"STA011s1",123.848987108656,327.6603914,1987,268.79313,134.5,"STA011"
"STA012s1",67.219152854512,331.0129593,1987,146.07971,73,"STA012"
"STA013s1",105.893186003683,332.901022533333,1987,229.79894,115,"STA013"
"STA014s1",89.548802946593,314.224177466667,1979,388.93009,194.5,"STA014"
"STA014s2",89.548802946593,314.224177466667,1979,388.93009,194.5,"STA014"
"STA015s1",77.1178637200737,272.889992433333,1980,334.95906,167.5,"STA015"
"STA015s2",77.1178637200737,272.889992433333,1980,334.95906,167.5,"STA015"
"STA016s1",84.7145488029466,267.8466197,1980,367.92638,184,"STA016"
"STA016s2",84.7145488029466,267.8466197,1980,367.92638,184,"STA016"
"STA018s1",102.209944751381,285.327778033333,1981,221.80672,111,"STA018"
"STA019s1",138.581952117864,291.314061866667,1981,300.66846,150.5,"STA019"
"STA020s1",92.5414364640884,303.401365675,1981,401.56531,201,"STA020"
"STA020s2",92.5414364640884,303.401365675,1981,401.56531,201,"STA020"
"STA021s1",122.467771639042,290.34161935,1982,265.80327,133,"STA021"
"STA022s1",102.209944751381,275.0832429,1982,222.2357,111,"STA022"
"STA023s1",118.324125230203,309.8095225,1982,256.68531,128.5,"STA023"
"STA025s1",102.670349907919,335.6381043,1987,222.91195,111.5,"STA025"
"STA026s1",92.0810313075506,336.16073515,1987,399.57645,200,"STA026"
"STA026s2",92.0810313075506,336.16073515,1987,399.57645,200,"STA026"
"TAM017s1",111.418047882136,318.94878305,2013,554.99123,484,"TAM017"
"TAM017s2",111.418047882136,318.94878305,2013,554.99123,484,"TAM017"
"TAM017s3",111.418047882136,318.94878305,2013,554.99123,484,"TAM017"
"TAM017s4",111.418047882136,318.94878305,2013,554.99123,484,"TAM017"
"TAM019s1",119.060773480663,314.00371002,2011,410.9326,258.6,"TAM019"
"TAM019s2",119.060773480663,314.00371002,2011,410.9326,258.6,"TAM019"
"TAM022s1",97.1454880294659,325.7886915,2008,308.49526,211,"TAM022"
"TAM022s2",97.1454880294659,325.7886915,2008,308.49526,211,"TAM022"
"TAM023s1",105.893186003683,312.93624102,2005,447.8303,230,"TAM023"
"TAM023s2",105.893186003683,312.93624102,2005,447.8303,230,"TAM023"
"TAM027s1",124.309392265193,314.157756,2004,355.23844,270,"TAM027"
"TAM027s2",124.309392265193,314.157756,2004,355.23844,270,"TAM027"
"TAM035s1",89.3186003683241,324.759158466667,2003,370.41592,194,"TAM035"
"TAM035s2",89.3186003683241,324.759158466667,2003,370.41592,194,"TAM035"
"TAM036s1",94.3830570902394,347.58690235,2004,276.71053,205,"TAM036"
"TAM036s2",94.3830570902394,347.58690235,2004,276.71053,205,"TAM036"
"TIB001s1",100.138121546961,333.51470594,1990,435.15298,217.5,"TIB001"
"TIB001s2",100.138121546961,333.51470594,1990,435.15298,217.5,"TIB001"
"TIB002s1",89.3186003683241,330.96126275,1983,387.84281,194,"TIB002"
"TIB002s2",89.3186003683241,330.96126275,1983,387.84281,194,"TIB002"
"TIB006s1",93.9226519337017,330.516715766667,1997,198.05886,102,"TIB006"
"TIB007s1",124.309392265193,343.448639675,1997,450.76636,270,"TIB007"
"TIB007s2",124.309392265193,343.448639675,1997,450.76636,270,"TIB007"
"TIB008s1",145.48802946593,337.79440085,1998,267.5356,158,"TIB008"
"TIB010s1",82.4125230202578,340.740989366667,1997,308.52012,179,"TIB010"
"TIB010s2",82.4125230202578,340.740989366667,1997,308.52012,179,"TIB010"
"TIB011s1",115.101289134438,319.58971535,1998,148.95542,125,"TIB011"
"TIB013s1",89.3186003683241,337.780834425,2000,314.1373,194,"TIB013"
"TIB013s2",89.3186003683241,337.780834425,2000,314.1373,194,"TIB013"
"TIB017s1",96.6850828729282,344.1802228,2002,185.16812,105,"TIB017"
"TIB022s1",87.4769797421731,320.416451466667,2006,336.52545,190,"TIB022"
"TIB022s2",87.4769797421731,320.416451466667,2006,336.52545,190,"TIB022"
"TIB023s1",121.546961325967,329.2680772,1987,264.05153,132,"TIB023"
"TIB024s1",134.438305709024,328.100160666667,1987,292.02561,146,"TIB024"
"TIB025s1",139.502762430939,326.1898426,1987,302.73347,151.5,"TIB025"
"TON002s1",101.289134438306,297.264455433333,1985,220.34876,110,"TON002"
"TON003s1",132.596685082873,291.491828,1985,287.57618,144,"TON003"
"TPO004s1",131.675874769797,328.7014609,1995,229.44697,143,"TPO004"
"TPO006s1",104.51197053407,322.831845,1993,453.93352,227,"TPO006"
"TPO006s2",104.51197053407,322.831845,1993,453.93352,227,"TPO006"
"TPO007s1",98.0662983425414,316.176768433333,1994,426.43956,213,"TPO007"
"TPO007s2",98.0662983425414,316.176768433333,1994,426.43956,213,"TPO007"
"TPO008s1",124.309392265193,313.532906433333,1996,390.43431,135,"TPO008"
"TPO015s1",75.9668508287293,359.22022,1995,274.84011,165,"TPO015"
"TPO015s2",75.9668508287293,359.22022,1995,274.84011,165,"TPO015"
"TPO016s1",75.7366482504604,336.0680688,1994,329.35077,164.5,"TPO016"
"TPO016s2",75.7366482504604,336.0680688,1994,329.35077,164.5,"TPO016"
"TPO021s1",112.338858195212,305.8495169,1998,420.67972,244,"TPO021"
"TPO021s2",112.338858195212,305.8495169,1998,420.67972,244,"TPO021"
"VIR014s1",123.388581952118,315.73068754,2016,421.22365,268,"VIR014"
"VIR014s2",123.388581952118,315.73068754,2016,421.22365,268,"VIR014"
"VIR016s1",130.755064456722,314.19616685,2016,337.60993,142,"VIR016"
"VIR018s1",102.209944751381,321.8241131,2016,366.57317,222,"VIR018"
"VIR018s2",102.209944751381,321.8241131,2016,366.57317,222,"VIR018"
"YIY001s1",116.942909760589,322.911358333333,1997,219.65605,127,"YIY001"
"YIY002s1",82.4125230202578,320.08731612,1996,498.26763,179,"YIY002"
"YIY002s2",82.4125230202578,320.08731612,1996,498.26763,179,"YIY002"
"YIY005s1",72.744014732965,313.8451677,1996,118.41963,79,"YIY005"
"YIY007s1",85.1749539594843,317.671138775,1998,276.5816,185,"YIY007"
"YIY007s2",85.1749539594843,317.671138775,1998,276.5816,185,"YIY007"
"YIY008s1",94.3830570902394,310.092846333333,1999,293.32349,205,"YIY008"
"YIY008s2",94.3830570902394,310.092846333333,1999,293.32349,205,"YIY008"
"YIY013s1",89.548802946593,329.5178025,1990,388.52152,194.5,"YIY013"
"YIY013s2",89.548802946593,329.5178025,1990,388.52152,194.5,"YIY013"
"YIY014s1",139.042357274401,315.24485,1990,301.64202,151,"YIY014"
"YIY015s1",116.022099447514,298.59340965,1990,252.47088,126,"YIY015"
"YIY016s1",87.9373848987109,292.987176533333,1990,191.28068,95.5,"YIY016"
"YIY017s1",98.7569060773481,307.826605675,1990,429.07367,214.5,"YIY017"
"YIY017s2",98.7569060773481,307.826605675,1990,429.07367,214.5,"YIY017"
"YIY018s1",115.561694290976,303.3716465,1990,250.62098,125.5,"YIY018"
"YIY019s1",137.20073664825,308.8776713,1990,297.80974,149,"YIY019"
